v 0.000000 1.000000 0.000000
v 0.000000 1.000000 0.000000
v 0.000000 1.000000 0.000000
v 0.000000 1.000000 0.000000
v 0.000000 1.000000 0.000000
v 0.000000 1.000000 0.000000
v 0.000000 1.000000 0.000000
v 0.000000 1.000000 0.000000
v 0.000000 1.000000 0.000000
v 0.000000 1.000000 0.000000
v 0.000000 1.000000 0.000000
v 0.000000 1.000000 0.000000
v 0.000000 1.000000 0.000000
v 0.000000 1.000000 0.000000
v 0.000000 1.000000 0.000000
v 0.000000 1.000000 0.000000
v 0.000000 1.000000 0.000000
v 0.000000 1.000000 0.000000
v 0.000000 1.000000 0.000000
v 0.000000 1.000000 0.000000
v 0.000000 1.000000 0.000000
v 0.000000 1.000000 0.000000
v 0.000000 1.000000 0.000000
v 0.000000 1.000000 0.000000
v 0.000000 1.000000 0.000000
v 0.000000 1.000000 0.000000
v 0.000000 1.000000 0.000000
v 0.000000 1.000000 0.000000
v 0.000000 1.000000 0.000000
v 0.000000 1.000000 0.000000
v 0.000000 1.000000 0.000000
v 0.000000 1.000000 0.000000
v 0.000000 1.000000 0.000000
v 0.000000 1.000000 0.000000
v 0.000000 1.000000 0.000000
v 0.000000 1.000000 0.000000
v 0.000000 1.000000 0.000000
v 0.000000 1.000000 0.000000
v 0.000000 1.000000 0.000000
v 0.000000 1.000000 0.000000
v 0.111964 0.993712 0.000000
v 0.110586 0.993712 0.017515
v 0.106485 0.993712 0.034599
v 0.099761 0.993712 0.050831
v 0.090581 0.993712 0.065811
v 0.079171 0.993712 0.079171
v 0.065811 0.993712 0.090581
v 0.050831 0.993712 0.099761
v 0.034599 0.993712 0.106485
v 0.017515 0.993712 0.110586
v 0.000000 0.993712 0.111964
v -0.017515 0.993712 0.110586
v -0.034599 0.993712 0.106485
v -0.050831 0.993712 0.099761
v -0.065811 0.993712 0.090581
v -0.079171 0.993712 0.079171
v -0.090581 0.993712 0.065811
v -0.099761 0.993712 0.050831
v -0.106485 0.993712 0.034599
v -0.110586 0.993712 0.017515
v -0.111964 0.993712 0.000000
v -0.110586 0.993712 -0.017515
v -0.106485 0.993712 -0.034599
v -0.099761 0.993712 -0.050831
v -0.090581 0.993712 -0.065811
v -0.079171 0.993712 -0.079171
v -0.065811 0.993712 -0.090581
v -0.050831 0.993712 -0.099761
v -0.034599 0.993712 -0.106485
v -0.017515 0.993712 -0.110586
v -0.000000 0.993712 -0.111964
v 0.017515 0.993712 -0.110586
v 0.034599 0.993712 -0.106485
v 0.050831 0.993712 -0.099761
v 0.065811 0.993712 -0.090581
v 0.079171 0.993712 -0.079171
v 0.090581 0.993712 -0.065811
v 0.099761 0.993712 -0.050831
v 0.106485 0.993712 -0.034599
v 0.110586 0.993712 -0.017515
v 0.222521 0.974928 0.000000
v 0.219781 0.974928 0.034810
v 0.211630 0.974928 0.068763
v 0.198268 0.974928 0.101022
v 0.180023 0.974928 0.130795
v 0.157346 0.974928 0.157346
v 0.130795 0.974928 0.180023
v 0.101022 0.974928 0.198268
v 0.068763 0.974928 0.211630
v 0.034810 0.974928 0.219781
v 0.000000 0.974928 0.222521
v -0.034810 0.974928 0.219781
v -0.068763 0.974928 0.211630
v -0.101022 0.974928 0.198268
v -0.130795 0.974928 0.180023
v -0.157346 0.974928 0.157346
v -0.180023 0.974928 0.130795
v -0.198268 0.974928 0.101022
v -0.211630 0.974928 0.068763
v -0.219781 0.974928 0.034810
v -0.222521 0.974928 0.000000
v -0.219781 0.974928 -0.034810
v -0.211630 0.974928 -0.068763
v -0.198268 0.974928 -0.101022
v -0.180023 0.974928 -0.130795
v -0.157346 0.974928 -0.157346
v -0.130795 0.974928 -0.180023
v -0.101022 0.974928 -0.198268
v -0.068763 0.974928 -0.211630
v -0.034810 0.974928 -0.219781
v -0.000000 0.974928 -0.222521
v 0.034810 0.974928 -0.219781
v 0.068763 0.974928 -0.211630
v 0.101022 0.974928 -0.198268
v 0.130795 0.974928 -0.180023
v 0.157346 0.974928 -0.157346
v 0.180023 0.974928 -0.130795
v 0.198268 0.974928 -0.101022
v 0.211630 0.974928 -0.068763
v 0.219781 0.974928 -0.034810
v 0.330279 0.943883 0.000000
v 0.326213 0.943883 0.051667
v 0.314114 0.943883 0.102062
v 0.294281 0.943883 0.149944
v 0.267201 0.943883 0.194133
v 0.233543 0.943883 0.233543
v 0.194133 0.943883 0.267201
v 0.149944 0.943883 0.294281
v 0.102062 0.943883 0.314114
v 0.051667 0.943883 0.326213
v 0.000000 0.943883 0.330279
v -0.051667 0.943883 0.326213
v -0.102062 0.943883 0.314114
v -0.149944 0.943883 0.294281
v -0.194133 0.943883 0.267201
v -0.233543 0.943883 0.233543
v -0.267201 0.943883 0.194133
v -0.294281 0.943883 0.149944
v -0.314114 0.943883 0.102062
v -0.326213 0.943883 0.051667
v -0.330279 0.943883 0.000000
v -0.326213 0.943883 -0.051667
v -0.314114 0.943883 -0.102062
v -0.294281 0.943883 -0.149944
v -0.267201 0.943883 -0.194133
v -0.233543 0.943883 -0.233543
v -0.194133 0.943883 -0.267201
v -0.149944 0.943883 -0.294281
v -0.102062 0.943883 -0.314114
v -0.051667 0.943883 -0.326213
v -0.000000 0.943883 -0.330279
v 0.051667 0.943883 -0.326213
v 0.102062 0.943883 -0.314114
v 0.149944 0.943883 -0.294281
v 0.194133 0.943883 -0.267201
v 0.233543 0.943883 -0.233543
v 0.267201 0.943883 -0.194133
v 0.294281 0.943883 -0.149944
v 0.314114 0.943883 -0.102062
v 0.326213 0.943883 -0.051667
v 0.433884 0.900969 0.000000
v 0.428542 0.900969 0.067874
v 0.412648 0.900969 0.134077
v 0.386593 0.900969 0.196979
v 0.351019 0.900969 0.255030
v 0.306802 0.900969 0.306802
v 0.255030 0.900969 0.351019
v 0.196979 0.900969 0.386593
v 0.134077 0.900969 0.412648
v 0.067874 0.900969 0.428542
v 0.000000 0.900969 0.433884
v -0.067874 0.900969 0.428542
v -0.134077 0.900969 0.412648
v -0.196979 0.900969 0.386593
v -0.255030 0.900969 0.351019
v -0.306802 0.900969 0.306802
v -0.351019 0.900969 0.255030
v -0.386593 0.900969 0.196979
v -0.412648 0.900969 0.134077
v -0.428542 0.900969 0.067874
v -0.433884 0.900969 0.000000
v -0.428542 0.900969 -0.067874
v -0.412648 0.900969 -0.134077
v -0.386593 0.900969 -0.196979
v -0.351019 0.900969 -0.255030
v -0.306802 0.900969 -0.306802
v -0.255030 0.900969 -0.351019
v -0.196979 0.900969 -0.386593
v -0.134077 0.900969 -0.412648
v -0.067874 0.900969 -0.428542
v -0.000000 0.900969 -0.433884
v 0.067874 0.900969 -0.428542
v 0.134077 0.900969 -0.412648
v 0.196979 0.900969 -0.386593
v 0.255030 0.900969 -0.351019
v 0.306802 0.900969 -0.306802
v 0.351019 0.900969 -0.255030
v 0.386593 0.900969 -0.196979
v 0.412648 0.900969 -0.134077
v 0.428542 0.900969 -0.067874
v 0.532032 0.846724 0.000000
v 0.525482 0.846724 0.083228
v 0.505993 0.846724 0.164407
v 0.474044 0.846724 0.241538
v 0.430423 0.846724 0.312721
v 0.376203 0.846724 0.376203
v 0.312721 0.846724 0.430423
v 0.241538 0.846724 0.474044
v 0.164407 0.846724 0.505993
v 0.083228 0.846724 0.525482
v 0.000000 0.846724 0.532032
v -0.083228 0.846724 0.525482
v -0.164407 0.846724 0.505993
v -0.241538 0.846724 0.474044
v -0.312721 0.846724 0.430423
v -0.376203 0.846724 0.376203
v -0.430423 0.846724 0.312721
v -0.474044 0.846724 0.241538
v -0.505993 0.846724 0.164407
v -0.525482 0.846724 0.083228
v -0.532032 0.846724 0.000000
v -0.525482 0.846724 -0.083228
v -0.505993 0.846724 -0.164407
v -0.474044 0.846724 -0.241538
v -0.430423 0.846724 -0.312721
v -0.376203 0.846724 -0.376203
v -0.312721 0.846724 -0.430423
v -0.241538 0.846724 -0.474044
v -0.164407 0.846724 -0.505993
v -0.083228 0.846724 -0.525482
v -0.000000 0.846724 -0.532032
v 0.083228 0.846724 -0.525482
v 0.164407 0.846724 -0.505993
v 0.241538 0.846724 -0.474044
v 0.312721 0.846724 -0.430423
v 0.376203 0.846724 -0.376203
v 0.430423 0.846724 -0.312721
v 0.474044 0.846724 -0.241538
v 0.505993 0.846724 -0.164407
v 0.525482 0.846724 -0.083228
v 0.623490 0.781831 0.000000
v 0.615814 0.781831 0.097535
v 0.592974 0.781831 0.192669
v 0.555533 0.781831 0.283058
v 0.504414 0.781831 0.366478
v 0.440874 0.781831 0.440874
v 0.366478 0.781831 0.504414
v 0.283058 0.781831 0.555533
v 0.192669 0.781831 0.592974
v 0.097535 0.781831 0.615814
v 0.000000 0.781831 0.623490
v -0.097535 0.781831 0.615814
v -0.192669 0.781831 0.592974
v -0.283058 0.781831 0.555533
v -0.366478 0.781831 0.504414
v -0.440874 0.781831 0.440874
v -0.504414 0.781831 0.366478
v -0.555533 0.781831 0.283058
v -0.592974 0.781831 0.192669
v -0.615814 0.781831 0.097535
v -0.623490 0.781831 0.000000
v -0.615814 0.781831 -0.097535
v -0.592974 0.781831 -0.192669
v -0.555533 0.781831 -0.283058
v -0.504414 0.781831 -0.366478
v -0.440874 0.781831 -0.440874
v -0.366478 0.781831 -0.504414
v -0.283058 0.781831 -0.555533
v -0.192669 0.781831 -0.592974
v -0.097535 0.781831 -0.615814
v -0.000000 0.781831 -0.623490
v 0.097535 0.781831 -0.615814
v 0.192669 0.781831 -0.592974
v 0.283058 0.781831 -0.555533
v 0.366478 0.781831 -0.504414
v 0.440874 0.781831 -0.440874
v 0.504414 0.781831 -0.366478
v 0.555533 0.781831 -0.283058
v 0.592974 0.781831 -0.192669
v 0.615814 0.781831 -0.097535
v 0.707107 0.707107 0.000000
v 0.698401 0.707107 0.110616
v 0.672499 0.707107 0.218508
v 0.630037 0.707107 0.321020
v 0.572061 0.707107 0.415627
v 0.500000 0.707107 0.500000
v 0.415627 0.707107 0.572061
v 0.321020 0.707107 0.630037
v 0.218508 0.707107 0.672499
v 0.110616 0.707107 0.698401
v 0.000000 0.707107 0.707107
v -0.110616 0.707107 0.698401
v -0.218508 0.707107 0.672499
v -0.321020 0.707107 0.630037
v -0.415627 0.707107 0.572061
v -0.500000 0.707107 0.500000
v -0.572061 0.707107 0.415627
v -0.630037 0.707107 0.321020
v -0.672499 0.707107 0.218508
v -0.698401 0.707107 0.110616
v -0.707107 0.707107 0.000000
v -0.698401 0.707107 -0.110616
v -0.672499 0.707107 -0.218508
v -0.630037 0.707107 -0.321020
v -0.572061 0.707107 -0.415627
v -0.500000 0.707107 -0.500000
v -0.415627 0.707107 -0.572061
v -0.321020 0.707107 -0.630037
v -0.218508 0.707107 -0.672499
v -0.110616 0.707107 -0.698401
v -0.000000 0.707107 -0.707107
v 0.110616 0.707107 -0.698401
v 0.218508 0.707107 -0.672499
v 0.321020 0.707107 -0.630037
v 0.415627 0.707107 -0.572061
v 0.500000 0.707107 -0.500000
v 0.572061 0.707107 -0.415627
v 0.630037 0.707107 -0.321020
v 0.672499 0.707107 -0.218508
v 0.698401 0.707107 -0.110616
v 0.781831 0.623490 0.000000
v 0.772206 0.623490 0.122305
v 0.743566 0.623490 0.241599
v 0.696617 0.623490 0.354944
v 0.632515 0.623490 0.459549
v 0.552838 0.623490 0.552838
v 0.459549 0.623490 0.632515
v 0.354944 0.623490 0.696617
v 0.241599 0.623490 0.743566
v 0.122305 0.623490 0.772206
v 0.000000 0.623490 0.781831
v -0.122305 0.623490 0.772206
v -0.241599 0.623490 0.743566
v -0.354944 0.623490 0.696617
v -0.459549 0.623490 0.632515
v -0.552838 0.623490 0.552838
v -0.632515 0.623490 0.459549
v -0.696617 0.623490 0.354944
v -0.743566 0.623490 0.241599
v -0.772206 0.623490 0.122305
v -0.781831 0.623490 0.000000
v -0.772206 0.623490 -0.122305
v -0.743566 0.623490 -0.241599
v -0.696617 0.623490 -0.354944
v -0.632515 0.623490 -0.459549
v -0.552838 0.623490 -0.552838
v -0.459549 0.623490 -0.632515
v -0.354944 0.623490 -0.696617
v -0.241599 0.623490 -0.743566
v -0.122305 0.623490 -0.772206
v -0.000000 0.623490 -0.781831
v 0.122305 0.623490 -0.772206
v 0.241599 0.623490 -0.743566
v 0.354944 0.623490 -0.696617
v 0.459549 0.623490 -0.632515
v 0.552838 0.623490 -0.552838
v 0.632515 0.623490 -0.459549
v 0.696617 0.623490 -0.354944
v 0.743566 0.623490 -0.241599
v 0.772206 0.623490 -0.122305
v 0.846724 0.532032 0.000000
v 0.836300 0.532032 0.132457
v 0.805283 0.532032 0.261652
v 0.754437 0.532032 0.384405
v 0.685014 0.532032 0.497692
v 0.598724 0.532032 0.598724
v 0.497692 0.532032 0.685014
v 0.384405 0.532032 0.754437
v 0.261652 0.532032 0.805283
v 0.132457 0.532032 0.836300
v 0.000000 0.532032 0.846724
v -0.132457 0.532032 0.836300
v -0.261652 0.532032 0.805283
v -0.384405 0.532032 0.754437
v -0.497692 0.532032 0.685014
v -0.598724 0.532032 0.598724
v -0.685014 0.532032 0.497692
v -0.754437 0.532032 0.384405
v -0.805283 0.532032 0.261652
v -0.836300 0.532032 0.132457
v -0.846724 0.532032 0.000000
v -0.836300 0.532032 -0.132457
v -0.805283 0.532032 -0.261652
v -0.754437 0.532032 -0.384405
v -0.685014 0.532032 -0.497692
v -0.598724 0.532032 -0.598724
v -0.497692 0.532032 -0.685014
v -0.384405 0.532032 -0.754437
v -0.261652 0.532032 -0.805283
v -0.132457 0.532032 -0.836300
v -0.000000 0.532032 -0.846724
v 0.132457 0.532032 -0.836300
v 0.261652 0.532032 -0.805283
v 0.384405 0.532032 -0.754437
v 0.497692 0.532032 -0.685014
v 0.598724 0.532032 -0.598724
v 0.685014 0.532032 -0.497692
v 0.754437 0.532032 -0.384405
v 0.805283 0.532032 -0.261652
v 0.836300 0.532032 -0.132457
v 0.900969 0.433884 0.000000
v 0.889876 0.433884 0.140943
v 0.856872 0.433884 0.278415
v 0.802769 0.433884 0.409031
v 0.728899 0.433884 0.529576
v 0.637081 0.433884 0.637081
v 0.529576 0.433884 0.728899
v 0.409031 0.433884 0.802769
v 0.278415 0.433884 0.856872
v 0.140943 0.433884 0.889876
v 0.000000 0.433884 0.900969
v -0.140943 0.433884 0.889876
v -0.278415 0.433884 0.856872
v -0.409031 0.433884 0.802769
v -0.529576 0.433884 0.728899
v -0.637081 0.433884 0.637081
v -0.728899 0.433884 0.529576
v -0.802769 0.433884 0.409031
v -0.856872 0.433884 0.278415
v -0.889876 0.433884 0.140943
v -0.900969 0.433884 0.000000
v -0.889876 0.433884 -0.140943
v -0.856872 0.433884 -0.278415
v -0.802769 0.433884 -0.409031
v -0.728899 0.433884 -0.529576
v -0.637081 0.433884 -0.637081
v -0.529576 0.433884 -0.728899
v -0.409031 0.433884 -0.802769
v -0.278415 0.433884 -0.856872
v -0.140943 0.433884 -0.889876
v -0.000000 0.433884 -0.900969
v 0.140943 0.433884 -0.889876
v 0.278415 0.433884 -0.856872
v 0.409031 0.433884 -0.802769
v 0.529576 0.433884 -0.728899
v 0.637081 0.433884 -0.637081
v 0.728899 0.433884 -0.529576
v 0.802769 0.433884 -0.409031
v 0.856872 0.433884 -0.278415
v 0.889876 0.433884 -0.140943
v 0.943883 0.330279 0.000000
v 0.932263 0.330279 0.147656
v 0.897686 0.330279 0.291676
v 0.841006 0.330279 0.428514
v 0.763618 0.330279 0.554801
v 0.667426 0.330279 0.667426
v 0.554801 0.330279 0.763618
v 0.428514 0.330279 0.841006
v 0.291676 0.330279 0.897686
v 0.147656 0.330279 0.932263
v 0.000000 0.330279 0.943883
v -0.147656 0.330279 0.932263
v -0.291676 0.330279 0.897686
v -0.428514 0.330279 0.841006
v -0.554801 0.330279 0.763618
v -0.667426 0.330279 0.667426
v -0.763618 0.330279 0.554801
v -0.841006 0.330279 0.428514
v -0.897686 0.330279 0.291676
v -0.932263 0.330279 0.147656
v -0.943883 0.330279 0.000000
v -0.932263 0.330279 -0.147656
v -0.897686 0.330279 -0.291676
v -0.841006 0.330279 -0.428514
v -0.763618 0.330279 -0.554801
v -0.667426 0.330279 -0.667426
v -0.554801 0.330279 -0.763618
v -0.428514 0.330279 -0.841006
v -0.291676 0.330279 -0.897686
v -0.147656 0.330279 -0.932263
v -0.000000 0.330279 -0.943883
v 0.147656 0.330279 -0.932263
v 0.291676 0.330279 -0.897686
v 0.428514 0.330279 -0.841006
v 0.554801 0.330279 -0.763618
v 0.667426 0.330279 -0.667426
v 0.763618 0.330279 -0.554801
v 0.841006 0.330279 -0.428514
v 0.897686 0.330279 -0.291676
v 0.932263 0.330279 -0.147656
v 0.974928 0.222521 0.000000
v 0.962925 0.222521 0.152512
v 0.927212 0.222521 0.301269
v 0.868667 0.222521 0.442608
v 0.788733 0.222521 0.573048
v 0.689378 0.222521 0.689378
v 0.573048 0.222521 0.788733
v 0.442608 0.222521 0.868667
v 0.301269 0.222521 0.927212
v 0.152512 0.222521 0.962925
v 0.000000 0.222521 0.974928
v -0.152512 0.222521 0.962925
v -0.301269 0.222521 0.927212
v -0.442608 0.222521 0.868667
v -0.573048 0.222521 0.788733
v -0.689378 0.222521 0.689378
v -0.788733 0.222521 0.573048
v -0.868667 0.222521 0.442608
v -0.927212 0.222521 0.301269
v -0.962925 0.222521 0.152512
v -0.974928 0.222521 0.000000
v -0.962925 0.222521 -0.152512
v -0.927212 0.222521 -0.301269
v -0.868667 0.222521 -0.442608
v -0.788733 0.222521 -0.573048
v -0.689378 0.222521 -0.689378
v -0.573048 0.222521 -0.788733
v -0.442608 0.222521 -0.868667
v -0.301269 0.222521 -0.927212
v -0.152512 0.222521 -0.962925
v -0.000000 0.222521 -0.974928
v 0.152512 0.222521 -0.962925
v 0.301269 0.222521 -0.927212
v 0.442608 0.222521 -0.868667
v 0.573048 0.222521 -0.788733
v 0.689378 0.222521 -0.689378
v 0.788733 0.222521 -0.573048
v 0.868667 0.222521 -0.442608
v 0.927212 0.222521 -0.301269
v 0.962925 0.222521 -0.152512
v 0.993712 0.111964 0.000000
v 0.981478 0.111964 0.155451
v 0.945076 0.111964 0.307074
v 0.885404 0.111964 0.451136
v 0.803930 0.111964 0.584089
v 0.702661 0.111964 0.702661
v 0.584089 0.111964 0.803930
v 0.451136 0.111964 0.885404
v 0.307074 0.111964 0.945076
v 0.155451 0.111964 0.981478
v 0.000000 0.111964 0.993712
v -0.155451 0.111964 0.981478
v -0.307074 0.111964 0.945076
v -0.451136 0.111964 0.885404
v -0.584089 0.111964 0.803930
v -0.702661 0.111964 0.702661
v -0.803930 0.111964 0.584089
v -0.885404 0.111964 0.451136
v -0.945076 0.111964 0.307074
v -0.981478 0.111964 0.155451
v -0.993712 0.111964 0.000000
v -0.981478 0.111964 -0.155451
v -0.945076 0.111964 -0.307074
v -0.885404 0.111964 -0.451136
v -0.803930 0.111964 -0.584089
v -0.702661 0.111964 -0.702661
v -0.584089 0.111964 -0.803930
v -0.451136 0.111964 -0.885404
v -0.307074 0.111964 -0.945076
v -0.155451 0.111964 -0.981478
v -0.000000 0.111964 -0.993712
v 0.155451 0.111964 -0.981478
v 0.307074 0.111964 -0.945076
v 0.451136 0.111964 -0.885404
v 0.584089 0.111964 -0.803930
v 0.702661 0.111964 -0.702661
v 0.803930 0.111964 -0.584089
v 0.885404 0.111964 -0.451136
v 0.945076 0.111964 -0.307074
v 0.981478 0.111964 -0.155451
v 1.000000 0.000000 0.000000
v 0.987688 0.000000 0.156434
v 0.951057 0.000000 0.309017
v 0.891007 0.000000 0.453990
v 0.809017 0.000000 0.587785
v 0.707107 0.000000 0.707107
v 0.587785 0.000000 0.809017
v 0.453990 0.000000 0.891007
v 0.309017 0.000000 0.951057
v 0.156434 0.000000 0.987688
v 0.000000 0.000000 1.000000
v -0.156434 0.000000 0.987688
v -0.309017 0.000000 0.951057
v -0.453990 0.000000 0.891007
v -0.587785 0.000000 0.809017
v -0.707107 0.000000 0.707107
v -0.809017 0.000000 0.587785
v -0.891007 0.000000 0.453990
v -0.951057 0.000000 0.309017
v -0.987688 0.000000 0.156434
v -1.000000 0.000000 0.000000
v -0.987688 0.000000 -0.156434
v -0.951057 0.000000 -0.309017
v -0.891007 0.000000 -0.453990
v -0.809017 0.000000 -0.587785
v -0.707107 0.000000 -0.707107
v -0.587785 0.000000 -0.809017
v -0.453990 0.000000 -0.891007
v -0.309017 0.000000 -0.951057
v -0.156434 0.000000 -0.987688
v -0.000000 0.000000 -1.000000
v 0.156434 0.000000 -0.987688
v 0.309017 0.000000 -0.951057
v 0.453990 0.000000 -0.891007
v 0.587785 0.000000 -0.809017
v 0.707107 0.000000 -0.707107
v 0.809017 0.000000 -0.587785
v 0.891007 0.000000 -0.453990
v 0.951057 0.000000 -0.309017
v 0.987688 0.000000 -0.156434
v 0.993712 -0.111964 0.000000
v 0.981478 -0.111964 0.155451
v 0.945076 -0.111964 0.307074
v 0.885404 -0.111964 0.451136
v 0.803930 -0.111964 0.584089
v 0.702661 -0.111964 0.702661
v 0.584089 -0.111964 0.803930
v 0.451136 -0.111964 0.885404
v 0.307074 -0.111964 0.945076
v 0.155451 -0.111964 0.981478
v 0.000000 -0.111964 0.993712
v -0.155451 -0.111964 0.981478
v -0.307074 -0.111964 0.945076
v -0.451136 -0.111964 0.885404
v -0.584089 -0.111964 0.803930
v -0.702661 -0.111964 0.702661
v -0.803930 -0.111964 0.584089
v -0.885404 -0.111964 0.451136
v -0.945076 -0.111964 0.307074
v -0.981478 -0.111964 0.155451
v -0.993712 -0.111964 0.000000
v -0.981478 -0.111964 -0.155451
v -0.945076 -0.111964 -0.307074
v -0.885404 -0.111964 -0.451136
v -0.803930 -0.111964 -0.584089
v -0.702661 -0.111964 -0.702661
v -0.584089 -0.111964 -0.803930
v -0.451136 -0.111964 -0.885404
v -0.307074 -0.111964 -0.945076
v -0.155451 -0.111964 -0.981478
v -0.000000 -0.111964 -0.993712
v 0.155451 -0.111964 -0.981478
v 0.307074 -0.111964 -0.945076
v 0.451136 -0.111964 -0.885404
v 0.584089 -0.111964 -0.803930
v 0.702661 -0.111964 -0.702661
v 0.803930 -0.111964 -0.584089
v 0.885404 -0.111964 -0.451136
v 0.945076 -0.111964 -0.307074
v 0.981478 -0.111964 -0.155451
v 0.974928 -0.222521 0.000000
v 0.962925 -0.222521 0.152512
v 0.927212 -0.222521 0.301269
v 0.868667 -0.222521 0.442608
v 0.788733 -0.222521 0.573048
v 0.689378 -0.222521 0.689378
v 0.573048 -0.222521 0.788733
v 0.442608 -0.222521 0.868667
v 0.301269 -0.222521 0.927212
v 0.152512 -0.222521 0.962925
v 0.000000 -0.222521 0.974928
v -0.152512 -0.222521 0.962925
v -0.301269 -0.222521 0.927212
v -0.442608 -0.222521 0.868667
v -0.573048 -0.222521 0.788733
v -0.689378 -0.222521 0.689378
v -0.788733 -0.222521 0.573048
v -0.868667 -0.222521 0.442608
v -0.927212 -0.222521 0.301269
v -0.962925 -0.222521 0.152512
v -0.974928 -0.222521 0.000000
v -0.962925 -0.222521 -0.152512
v -0.927212 -0.222521 -0.301269
v -0.868667 -0.222521 -0.442608
v -0.788733 -0.222521 -0.573048
v -0.689378 -0.222521 -0.689378
v -0.573048 -0.222521 -0.788733
v -0.442608 -0.222521 -0.868667
v -0.301269 -0.222521 -0.927212
v -0.152512 -0.222521 -0.962925
v -0.000000 -0.222521 -0.974928
v 0.152512 -0.222521 -0.962925
v 0.301269 -0.222521 -0.927212
v 0.442608 -0.222521 -0.868667
v 0.573048 -0.222521 -0.788733
v 0.689378 -0.222521 -0.689378
v 0.788733 -0.222521 -0.573048
v 0.868667 -0.222521 -0.442608
v 0.927212 -0.222521 -0.301269
v 0.962925 -0.222521 -0.152512
v 0.943883 -0.330279 0.000000
v 0.932263 -0.330279 0.147656
v 0.897686 -0.330279 0.291676
v 0.841006 -0.330279 0.428514
v 0.763618 -0.330279 0.554801
v 0.667426 -0.330279 0.667426
v 0.554801 -0.330279 0.763618
v 0.428514 -0.330279 0.841006
v 0.291676 -0.330279 0.897686
v 0.147656 -0.330279 0.932263
v 0.000000 -0.330279 0.943883
v -0.147656 -0.330279 0.932263
v -0.291676 -0.330279 0.897686
v -0.428514 -0.330279 0.841006
v -0.554801 -0.330279 0.763618
v -0.667426 -0.330279 0.667426
v -0.763618 -0.330279 0.554801
v -0.841006 -0.330279 0.428514
v -0.897686 -0.330279 0.291676
v -0.932263 -0.330279 0.147656
v -0.943883 -0.330279 0.000000
v -0.932263 -0.330279 -0.147656
v -0.897686 -0.330279 -0.291676
v -0.841006 -0.330279 -0.428514
v -0.763618 -0.330279 -0.554801
v -0.667426 -0.330279 -0.667426
v -0.554801 -0.330279 -0.763618
v -0.428514 -0.330279 -0.841006
v -0.291676 -0.330279 -0.897686
v -0.147656 -0.330279 -0.932263
v -0.000000 -0.330279 -0.943883
v 0.147656 -0.330279 -0.932263
v 0.291676 -0.330279 -0.897686
v 0.428514 -0.330279 -0.841006
v 0.554801 -0.330279 -0.763618
v 0.667426 -0.330279 -0.667426
v 0.763618 -0.330279 -0.554801
v 0.841006 -0.330279 -0.428514
v 0.897686 -0.330279 -0.291676
v 0.932263 -0.330279 -0.147656
v 0.900969 -0.433884 0.000000
v 0.889876 -0.433884 0.140943
v 0.856872 -0.433884 0.278415
v 0.802769 -0.433884 0.409031
v 0.728899 -0.433884 0.529576
v 0.637081 -0.433884 0.637081
v 0.529576 -0.433884 0.728899
v 0.409031 -0.433884 0.802769
v 0.278415 -0.433884 0.856872
v 0.140943 -0.433884 0.889876
v 0.000000 -0.433884 0.900969
v -0.140943 -0.433884 0.889876
v -0.278415 -0.433884 0.856872
v -0.409031 -0.433884 0.802769
v -0.529576 -0.433884 0.728899
v -0.637081 -0.433884 0.637081
v -0.728899 -0.433884 0.529576
v -0.802769 -0.433884 0.409031
v -0.856872 -0.433884 0.278415
v -0.889876 -0.433884 0.140943
v -0.900969 -0.433884 0.000000
v -0.889876 -0.433884 -0.140943
v -0.856872 -0.433884 -0.278415
v -0.802769 -0.433884 -0.409031
v -0.728899 -0.433884 -0.529576
v -0.637081 -0.433884 -0.637081
v -0.529576 -0.433884 -0.728899
v -0.409031 -0.433884 -0.802769
v -0.278415 -0.433884 -0.856872
v -0.140943 -0.433884 -0.889876
v -0.000000 -0.433884 -0.900969
v 0.140943 -0.433884 -0.889876
v 0.278415 -0.433884 -0.856872
v 0.409031 -0.433884 -0.802769
v 0.529576 -0.433884 -0.728899
v 0.637081 -0.433884 -0.637081
v 0.728899 -0.433884 -0.529576
v 0.802769 -0.433884 -0.409031
v 0.856872 -0.433884 -0.278415
v 0.889876 -0.433884 -0.140943
v 0.846724 -0.532032 0.000000
v 0.836300 -0.532032 0.132457
v 0.805283 -0.532032 0.261652
v 0.754437 -0.532032 0.384405
v 0.685014 -0.532032 0.497692
v 0.598724 -0.532032 0.598724
v 0.497692 -0.532032 0.685014
v 0.384405 -0.532032 0.754437
v 0.261652 -0.532032 0.805283
v 0.132457 -0.532032 0.836300
v 0.000000 -0.532032 0.846724
v -0.132457 -0.532032 0.836300
v -0.261652 -0.532032 0.805283
v -0.384405 -0.532032 0.754437
v -0.497692 -0.532032 0.685014
v -0.598724 -0.532032 0.598724
v -0.685014 -0.532032 0.497692
v -0.754437 -0.532032 0.384405
v -0.805283 -0.532032 0.261652
v -0.836300 -0.532032 0.132457
v -0.846724 -0.532032 0.000000
v -0.836300 -0.532032 -0.132457
v -0.805283 -0.532032 -0.261652
v -0.754437 -0.532032 -0.384405
v -0.685014 -0.532032 -0.497692
v -0.598724 -0.532032 -0.598724
v -0.497692 -0.532032 -0.685014
v -0.384405 -0.532032 -0.754437
v -0.261652 -0.532032 -0.805283
v -0.132457 -0.532032 -0.836300
v -0.000000 -0.532032 -0.846724
v 0.132457 -0.532032 -0.836300
v 0.261652 -0.532032 -0.805283
v 0.384405 -0.532032 -0.754437
v 0.497692 -0.532032 -0.685014
v 0.598724 -0.532032 -0.598724
v 0.685014 -0.532032 -0.497692
v 0.754437 -0.532032 -0.384405
v 0.805283 -0.532032 -0.261652
v 0.836300 -0.532032 -0.132457
v 0.781831 -0.623490 0.000000
v 0.772206 -0.623490 0.122305
v 0.743566 -0.623490 0.241599
v 0.696617 -0.623490 0.354944
v 0.632515 -0.623490 0.459549
v 0.552838 -0.623490 0.552838
v 0.459549 -0.623490 0.632515
v 0.354944 -0.623490 0.696617
v 0.241599 -0.623490 0.743566
v 0.122305 -0.623490 0.772206
v 0.000000 -0.623490 0.781831
v -0.122305 -0.623490 0.772206
v -0.241599 -0.623490 0.743566
v -0.354944 -0.623490 0.696617
v -0.459549 -0.623490 0.632515
v -0.552838 -0.623490 0.552838
v -0.632515 -0.623490 0.459549
v -0.696617 -0.623490 0.354944
v -0.743566 -0.623490 0.241599
v -0.772206 -0.623490 0.122305
v -0.781831 -0.623490 0.000000
v -0.772206 -0.623490 -0.122305
v -0.743566 -0.623490 -0.241599
v -0.696617 -0.623490 -0.354944
v -0.632515 -0.623490 -0.459549
v -0.552838 -0.623490 -0.552838
v -0.459549 -0.623490 -0.632515
v -0.354944 -0.623490 -0.696617
v -0.241599 -0.623490 -0.743566
v -0.122305 -0.623490 -0.772206
v -0.000000 -0.623490 -0.781831
v 0.122305 -0.623490 -0.772206
v 0.241599 -0.623490 -0.743566
v 0.354944 -0.623490 -0.696617
v 0.459549 -0.623490 -0.632515
v 0.552838 -0.623490 -0.552838
v 0.632515 -0.623490 -0.459549
v 0.696617 -0.623490 -0.354944
v 0.743566 -0.623490 -0.241599
v 0.772206 -0.623490 -0.122305
v 0.707107 -0.707107 0.000000
v 0.698401 -0.707107 0.110616
v 0.672499 -0.707107 0.218508
v 0.630037 -0.707107 0.321020
v 0.572061 -0.707107 0.415627
v 0.500000 -0.707107 0.500000
v 0.415627 -0.707107 0.572061
v 0.321020 -0.707107 0.630037
v 0.218508 -0.707107 0.672499
v 0.110616 -0.707107 0.698401
v 0.000000 -0.707107 0.707107
v -0.110616 -0.707107 0.698401
v -0.218508 -0.707107 0.672499
v -0.321020 -0.707107 0.630037
v -0.415627 -0.707107 0.572061
v -0.500000 -0.707107 0.500000
v -0.572061 -0.707107 0.415627
v -0.630037 -0.707107 0.321020
v -0.672499 -0.707107 0.218508
v -0.698401 -0.707107 0.110616
v -0.707107 -0.707107 0.000000
v -0.698401 -0.707107 -0.110616
v -0.672499 -0.707107 -0.218508
v -0.630037 -0.707107 -0.321020
v -0.572061 -0.707107 -0.415627
v -0.500000 -0.707107 -0.500000
v -0.415627 -0.707107 -0.572061
v -0.321020 -0.707107 -0.630037
v -0.218508 -0.707107 -0.672499
v -0.110616 -0.707107 -0.698401
v -0.000000 -0.707107 -0.707107
v 0.110616 -0.707107 -0.698401
v 0.218508 -0.707107 -0.672499
v 0.321020 -0.707107 -0.630037
v 0.415627 -0.707107 -0.572061
v 0.500000 -0.707107 -0.500000
v 0.572061 -0.707107 -0.415627
v 0.630037 -0.707107 -0.321020
v 0.672499 -0.707107 -0.218508
v 0.698401 -0.707107 -0.110616
v 0.623490 -0.781831 0.000000
v 0.615814 -0.781831 0.097535
v 0.592974 -0.781831 0.192669
v 0.555533 -0.781831 0.283058
v 0.504414 -0.781831 0.366478
v 0.440874 -0.781831 0.440874
v 0.366478 -0.781831 0.504414
v 0.283058 -0.781831 0.555533
v 0.192669 -0.781831 0.592974
v 0.097535 -0.781831 0.615814
v 0.000000 -0.781831 0.623490
v -0.097535 -0.781831 0.615814
v -0.192669 -0.781831 0.592974
v -0.283058 -0.781831 0.555533
v -0.366478 -0.781831 0.504414
v -0.440874 -0.781831 0.440874
v -0.504414 -0.781831 0.366478
v -0.555533 -0.781831 0.283058
v -0.592974 -0.781831 0.192669
v -0.615814 -0.781831 0.097535
v -0.623490 -0.781831 0.000000
v -0.615814 -0.781831 -0.097535
v -0.592974 -0.781831 -0.192669
v -0.555533 -0.781831 -0.283058
v -0.504414 -0.781831 -0.366478
v -0.440874 -0.781831 -0.440874
v -0.366478 -0.781831 -0.504414
v -0.283058 -0.781831 -0.555533
v -0.192669 -0.781831 -0.592974
v -0.097535 -0.781831 -0.615814
v -0.000000 -0.781831 -0.623490
v 0.097535 -0.781831 -0.615814
v 0.192669 -0.781831 -0.592974
v 0.283058 -0.781831 -0.555533
v 0.366478 -0.781831 -0.504414
v 0.440874 -0.781831 -0.440874
v 0.504414 -0.781831 -0.366478
v 0.555533 -0.781831 -0.283058
v 0.592974 -0.781831 -0.192669
v 0.615814 -0.781831 -0.097535
v 0.532032 -0.846724 0.000000
v 0.525482 -0.846724 0.083228
v 0.505993 -0.846724 0.164407
v 0.474044 -0.846724 0.241538
v 0.430423 -0.846724 0.312721
v 0.376203 -0.846724 0.376203
v 0.312721 -0.846724 0.430423
v 0.241538 -0.846724 0.474044
v 0.164407 -0.846724 0.505993
v 0.083228 -0.846724 0.525482
v 0.000000 -0.846724 0.532032
v -0.083228 -0.846724 0.525482
v -0.164407 -0.846724 0.505993
v -0.241538 -0.846724 0.474044
v -0.312721 -0.846724 0.430423
v -0.376203 -0.846724 0.376203
v -0.430423 -0.846724 0.312721
v -0.474044 -0.846724 0.241538
v -0.505993 -0.846724 0.164407
v -0.525482 -0.846724 0.083228
v -0.532032 -0.846724 0.000000
v -0.525482 -0.846724 -0.083228
v -0.505993 -0.846724 -0.164407
v -0.474044 -0.846724 -0.241538
v -0.430423 -0.846724 -0.312721
v -0.376203 -0.846724 -0.376203
v -0.312721 -0.846724 -0.430423
v -0.241538 -0.846724 -0.474044
v -0.164407 -0.846724 -0.505993
v -0.083228 -0.846724 -0.525482
v -0.000000 -0.846724 -0.532032
v 0.083228 -0.846724 -0.525482
v 0.164407 -0.846724 -0.505993
v 0.241538 -0.846724 -0.474044
v 0.312721 -0.846724 -0.430423
v 0.376203 -0.846724 -0.376203
v 0.430423 -0.846724 -0.312721
v 0.474044 -0.846724 -0.241538
v 0.505993 -0.846724 -0.164407
v 0.525482 -0.846724 -0.083228
v 0.433884 -0.900969 0.000000
v 0.428542 -0.900969 0.067874
v 0.412648 -0.900969 0.134077
v 0.386593 -0.900969 0.196979
v 0.351019 -0.900969 0.255030
v 0.306802 -0.900969 0.306802
v 0.255030 -0.900969 0.351019
v 0.196979 -0.900969 0.386593
v 0.134077 -0.900969 0.412648
v 0.067874 -0.900969 0.428542
v 0.000000 -0.900969 0.433884
v -0.067874 -0.900969 0.428542
v -0.134077 -0.900969 0.412648
v -0.196979 -0.900969 0.386593
v -0.255030 -0.900969 0.351019
v -0.306802 -0.900969 0.306802
v -0.351019 -0.900969 0.255030
v -0.386593 -0.900969 0.196979
v -0.412648 -0.900969 0.134077
v -0.428542 -0.900969 0.067874
v -0.433884 -0.900969 0.000000
v -0.428542 -0.900969 -0.067874
v -0.412648 -0.900969 -0.134077
v -0.386593 -0.900969 -0.196979
v -0.351019 -0.900969 -0.255030
v -0.306802 -0.900969 -0.306802
v -0.255030 -0.900969 -0.351019
v -0.196979 -0.900969 -0.386593
v -0.134077 -0.900969 -0.412648
v -0.067874 -0.900969 -0.428542
v -0.000000 -0.900969 -0.433884
v 0.067874 -0.900969 -0.428542
v 0.134077 -0.900969 -0.412648
v 0.196979 -0.900969 -0.386593
v 0.255030 -0.900969 -0.351019
v 0.306802 -0.900969 -0.306802
v 0.351019 -0.900969 -0.255030
v 0.386593 -0.900969 -0.196979
v 0.412648 -0.900969 -0.134077
v 0.428542 -0.900969 -0.067874
v 0.330279 -0.943883 0.000000
v 0.326213 -0.943883 0.051667
v 0.314114 -0.943883 0.102062
v 0.294281 -0.943883 0.149944
v 0.267201 -0.943883 0.194133
v 0.233543 -0.943883 0.233543
v 0.194133 -0.943883 0.267201
v 0.149944 -0.943883 0.294281
v 0.102062 -0.943883 0.314114
v 0.051667 -0.943883 0.326213
v 0.000000 -0.943883 0.330279
v -0.051667 -0.943883 0.326213
v -0.102062 -0.943883 0.314114
v -0.149944 -0.943883 0.294281
v -0.194133 -0.943883 0.267201
v -0.233543 -0.943883 0.233543
v -0.267201 -0.943883 0.194133
v -0.294281 -0.943883 0.149944
v -0.314114 -0.943883 0.102062
v -0.326213 -0.943883 0.051667
v -0.330279 -0.943883 0.000000
v -0.326213 -0.943883 -0.051667
v -0.314114 -0.943883 -0.102062
v -0.294281 -0.943883 -0.149944
v -0.267201 -0.943883 -0.194133
v -0.233543 -0.943883 -0.233543
v -0.194133 -0.943883 -0.267201
v -0.149944 -0.943883 -0.294281
v -0.102062 -0.943883 -0.314114
v -0.051667 -0.943883 -0.326213
v -0.000000 -0.943883 -0.330279
v 0.051667 -0.943883 -0.326213
v 0.102062 -0.943883 -0.314114
v 0.149944 -0.943883 -0.294281
v 0.194133 -0.943883 -0.267201
v 0.233543 -0.943883 -0.233543
v 0.267201 -0.943883 -0.194133
v 0.294281 -0.943883 -0.149944
v 0.314114 -0.943883 -0.102062
v 0.326213 -0.943883 -0.051667
v 0.222521 -0.974928 0.000000
v 0.219781 -0.974928 0.034810
v 0.211630 -0.974928 0.068763
v 0.198268 -0.974928 0.101022
v 0.180023 -0.974928 0.130795
v 0.157346 -0.974928 0.157346
v 0.130795 -0.974928 0.180023
v 0.101022 -0.974928 0.198268
v 0.068763 -0.974928 0.211630
v 0.034810 -0.974928 0.219781
v 0.000000 -0.974928 0.222521
v -0.034810 -0.974928 0.219781
v -0.068763 -0.974928 0.211630
v -0.101022 -0.974928 0.198268
v -0.130795 -0.974928 0.180023
v -0.157346 -0.974928 0.157346
v -0.180023 -0.974928 0.130795
v -0.198268 -0.974928 0.101022
v -0.211630 -0.974928 0.068763
v -0.219781 -0.974928 0.034810
v -0.222521 -0.974928 0.000000
v -0.219781 -0.974928 -0.034810
v -0.211630 -0.974928 -0.068763
v -0.198268 -0.974928 -0.101022
v -0.180023 -0.974928 -0.130795
v -0.157346 -0.974928 -0.157346
v -0.130795 -0.974928 -0.180023
v -0.101022 -0.974928 -0.198268
v -0.068763 -0.974928 -0.211630
v -0.034810 -0.974928 -0.219781
v -0.000000 -0.974928 -0.222521
v 0.034810 -0.974928 -0.219781
v 0.068763 -0.974928 -0.211630
v 0.101022 -0.974928 -0.198268
v 0.130795 -0.974928 -0.180023
v 0.157346 -0.974928 -0.157346
v 0.180023 -0.974928 -0.130795
v 0.198268 -0.974928 -0.101022
v 0.211630 -0.974928 -0.068763
v 0.219781 -0.974928 -0.034810
v 0.111964 -0.993712 0.000000
v 0.110586 -0.993712 0.017515
v 0.106485 -0.993712 0.034599
v 0.099761 -0.993712 0.050831
v 0.090581 -0.993712 0.065811
v 0.079171 -0.993712 0.079171
v 0.065811 -0.993712 0.090581
v 0.050831 -0.993712 0.099761
v 0.034599 -0.993712 0.106485
v 0.017515 -0.993712 0.110586
v 0.000000 -0.993712 0.111964
v -0.017515 -0.993712 0.110586
v -0.034599 -0.993712 0.106485
v -0.050831 -0.993712 0.099761
v -0.065811 -0.993712 0.090581
v -0.079171 -0.993712 0.079171
v -0.090581 -0.993712 0.065811
v -0.099761 -0.993712 0.050831
v -0.106485 -0.993712 0.034599
v -0.110586 -0.993712 0.017515
v -0.111964 -0.993712 0.000000
v -0.110586 -0.993712 -0.017515
v -0.106485 -0.993712 -0.034599
v -0.099761 -0.993712 -0.050831
v -0.090581 -0.993712 -0.065811
v -0.079171 -0.993712 -0.079171
v -0.065811 -0.993712 -0.090581
v -0.050831 -0.993712 -0.099761
v -0.034599 -0.993712 -0.106485
v -0.017515 -0.993712 -0.110586
v -0.000000 -0.993712 -0.111964
v 0.017515 -0.993712 -0.110586
v 0.034599 -0.993712 -0.106485
v 0.050831 -0.993712 -0.099761
v 0.065811 -0.993712 -0.090581
v 0.079171 -0.993712 -0.079171
v 0.090581 -0.993712 -0.065811
v 0.099761 -0.993712 -0.050831
v 0.106485 -0.993712 -0.034599
v 0.110586 -0.993712 -0.017515
v 0.000000 -1.000000 0.000000
v 0.000000 -1.000000 0.000000
v 0.000000 -1.000000 0.000000
v 0.000000 -1.000000 0.000000
v 0.000000 -1.000000 0.000000
v 0.000000 -1.000000 0.000000
v 0.000000 -1.000000 0.000000
v 0.000000 -1.000000 0.000000
v 0.000000 -1.000000 0.000000
v 0.000000 -1.000000 0.000000
v 0.000000 -1.000000 0.000000
v -0.000000 -1.000000 0.000000
v -0.000000 -1.000000 0.000000
v -0.000000 -1.000000 0.000000
v -0.000000 -1.000000 0.000000
v -0.000000 -1.000000 0.000000
v -0.000000 -1.000000 0.000000
v -0.000000 -1.000000 0.000000
v -0.000000 -1.000000 0.000000
v -0.000000 -1.000000 0.000000
v -0.000000 -1.000000 0.000000
v -0.000000 -1.000000 -0.000000
v -0.000000 -1.000000 -0.000000
v -0.000000 -1.000000 -0.000000
v -0.000000 -1.000000 -0.000000
v -0.000000 -1.000000 -0.000000
v -0.000000 -1.000000 -0.000000
v -0.000000 -1.000000 -0.000000
v -0.000000 -1.000000 -0.000000
v -0.000000 -1.000000 -0.000000
v -0.000000 -1.000000 -0.000000
v 0.000000 -1.000000 -0.000000
v 0.000000 -1.000000 -0.000000
v 0.000000 -1.000000 -0.000000
v 0.000000 -1.000000 -0.000000
v 0.000000 -1.000000 -0.000000
v 0.000000 -1.000000 -0.000000
v 0.000000 -1.000000 -0.000000
v 0.000000 -1.000000 -0.000000
v 0.000000 -1.000000 -0.000000
v 1.600000 0.000000 0.000000
v 1.590451 0.029389 0.000000
v 1.565451 0.047553 0.000000
v 1.534549 0.047553 0.000000
v 1.509549 0.029389 0.000000
v 1.500000 0.000000 0.000000
v 1.509549 -0.029389 0.000000
v 1.534549 -0.047553 0.000000
v 1.565451 -0.047553 0.000000
v 1.590451 -0.029389 0.000000
v 1.592296 0.000000 0.156827
v 1.582792 0.029389 0.155891
v 1.557913 0.047553 0.153441
v 1.527160 0.047553 0.150412
v 1.502280 0.029389 0.147962
v 1.492777 0.000000 0.147026
v 1.502280 -0.029389 0.147962
v 1.527160 -0.047553 0.150412
v 1.557913 -0.047553 0.153441
v 1.582792 -0.029389 0.155891
v 1.569256 0.000000 0.312145
v 1.559891 0.029389 0.310282
v 1.535371 0.047553 0.305404
v 1.505063 0.047553 0.299376
v 1.480544 0.029389 0.294498
v 1.471178 0.000000 0.292635
v 1.480544 -0.029389 0.294498
v 1.505063 -0.047553 0.299376
v 1.535371 -0.047553 0.305404
v 1.559891 -0.029389 0.310282
v 1.531105 0.000000 0.464455
v 1.521967 0.029389 0.461684
v 1.498043 0.047553 0.454426
v 1.468472 0.047553 0.445456
v 1.444548 0.029389 0.438199
v 1.435411 0.000000 0.435427
v 1.444548 -0.029389 0.438199
v 1.468472 -0.047553 0.445456
v 1.498043 -0.047553 0.454426
v 1.521967 -0.029389 0.461684
v 1.478207 0.000000 0.612293
v 1.469385 0.029389 0.608639
v 1.446288 0.047553 0.599072
v 1.417739 0.047553 0.587247
v 1.394642 0.029389 0.577679
v 1.385819 0.000000 0.574025
v 1.394642 -0.029389 0.577679
v 1.417739 -0.047553 0.587247
v 1.446288 -0.047553 0.599072
v 1.469385 -0.029389 0.608639
v 1.411074 0.000000 0.754235
v 1.402652 0.029389 0.749733
v 1.380604 0.047553 0.737948
v 1.353352 0.047553 0.723381
v 1.331303 0.029389 0.711597
v 1.322882 0.000000 0.707095
v 1.331303 -0.029389 0.711597
v 1.353352 -0.047553 0.723381
v 1.380604 -0.047553 0.737948
v 1.402652 -0.029389 0.749733
v 1.330351 0.000000 0.888912
v 1.322412 0.029389 0.883607
v 1.301625 0.047553 0.869718
v 1.275931 0.047553 0.852550
v 1.255144 0.029389 0.838661
v 1.247204 0.000000 0.833355
v 1.255144 -0.029389 0.838661
v 1.275931 -0.047553 0.852550
v 1.301625 -0.047553 0.869718
v 1.322412 -0.029389 0.883607
v 1.236817 0.000000 1.015029
v 1.229435 0.029389 1.008971
v 1.210110 0.047553 0.993112
v 1.186223 0.047553 0.973508
v 1.166897 0.029389 0.957648
v 1.159516 0.000000 0.951590
v 1.166897 -0.029389 0.957648
v 1.186223 -0.047553 0.973508
v 1.210110 -0.047553 0.993112
v 1.229435 -0.029389 1.008971
v 1.131371 0.000000 1.131371
v 1.124619 0.029389 1.124619
v 1.106941 0.047553 1.106941
v 1.085090 0.047553 1.085090
v 1.067412 0.029389 1.067412
v 1.060660 0.000000 1.060660
v 1.067412 -0.029389 1.067412
v 1.085090 -0.047553 1.085090
v 1.106941 -0.047553 1.106941
v 1.124619 -0.029389 1.124619
v 1.015029 0.000000 1.236817
v 1.008971 0.029389 1.229435
v 0.993112 0.047553 1.210110
v 0.973508 0.047553 1.186223
v 0.957648 0.029389 1.166897
v 0.951590 0.000000 1.159516
v 0.957648 -0.029389 1.166897
v 0.973508 -0.047553 1.186223
v 0.993112 -0.047553 1.210110
v 1.008971 -0.029389 1.229435
v 0.888912 0.000000 1.330351
v 0.883607 0.029389 1.322412
v 0.869718 0.047553 1.301625
v 0.852550 0.047553 1.275931
v 0.838661 0.029389 1.255144
v 0.833355 0.000000 1.247204
v 0.838661 -0.029389 1.255144
v 0.852550 -0.047553 1.275931
v 0.869718 -0.047553 1.301625
v 0.883607 -0.029389 1.322412
v 0.754235 0.000000 1.411074
v 0.749733 0.029389 1.402652
v 0.737948 0.047553 1.380604
v 0.723381 0.047553 1.353352
v 0.711597 0.029389 1.331303
v 0.707095 0.000000 1.322882
v 0.711597 -0.029389 1.331303
v 0.723381 -0.047553 1.353352
v 0.737948 -0.047553 1.380604
v 0.749733 -0.029389 1.402652
v 0.612293 0.000000 1.478207
v 0.608639 0.029389 1.469385
v 0.599072 0.047553 1.446288
v 0.587247 0.047553 1.417739
v 0.577679 0.029389 1.394642
v 0.574025 0.000000 1.385819
v 0.577679 -0.029389 1.394642
v 0.587247 -0.047553 1.417739
v 0.599072 -0.047553 1.446288
v 0.608639 -0.029389 1.469385
v 0.464455 0.000000 1.531105
v 0.461684 0.029389 1.521967
v 0.454426 0.047553 1.498043
v 0.445456 0.047553 1.468472
v 0.438199 0.029389 1.444548
v 0.435427 0.000000 1.435411
v 0.438199 -0.029389 1.444548
v 0.445456 -0.047553 1.468472
v 0.454426 -0.047553 1.498043
v 0.461684 -0.029389 1.521967
v 0.312145 0.000000 1.569256
v 0.310282 0.029389 1.559891
v 0.305404 0.047553 1.535371
v 0.299376 0.047553 1.505063
v 0.294498 0.029389 1.480544
v 0.292635 0.000000 1.471178
v 0.294498 -0.029389 1.480544
v 0.299376 -0.047553 1.505063
v 0.305404 -0.047553 1.535371
v 0.310282 -0.029389 1.559891
v 0.156827 0.000000 1.592296
v 0.155891 0.029389 1.582792
v 0.153441 0.047553 1.557913
v 0.150412 0.047553 1.527160
v 0.147962 0.029389 1.502280
v 0.147026 0.000000 1.492777
v 0.147962 -0.029389 1.502280
v 0.150412 -0.047553 1.527160
v 0.153441 -0.047553 1.557913
v 0.155891 -0.029389 1.582792
v 0.000000 0.000000 1.600000
v 0.000000 0.029389 1.590451
v 0.000000 0.047553 1.565451
v 0.000000 0.047553 1.534549
v 0.000000 0.029389 1.509549
v 0.000000 0.000000 1.500000
v 0.000000 -0.029389 1.509549
v 0.000000 -0.047553 1.534549
v 0.000000 -0.047553 1.565451
v 0.000000 -0.029389 1.590451
v -0.156827 0.000000 1.592296
v -0.155891 0.029389 1.582792
v -0.153441 0.047553 1.557913
v -0.150412 0.047553 1.527160
v -0.147962 0.029389 1.502280
v -0.147026 0.000000 1.492777
v -0.147962 -0.029389 1.502280
v -0.150412 -0.047553 1.527160
v -0.153441 -0.047553 1.557913
v -0.155891 -0.029389 1.582792
v -0.312145 0.000000 1.569256
v -0.310282 0.029389 1.559891
v -0.305404 0.047553 1.535371
v -0.299376 0.047553 1.505063
v -0.294498 0.029389 1.480544
v -0.292635 0.000000 1.471178
v -0.294498 -0.029389 1.480544
v -0.299376 -0.047553 1.505063
v -0.305404 -0.047553 1.535371
v -0.310282 -0.029389 1.559891
v -0.464455 0.000000 1.531105
v -0.461684 0.029389 1.521967
v -0.454426 0.047553 1.498043
v -0.445456 0.047553 1.468472
v -0.438199 0.029389 1.444548
v -0.435427 0.000000 1.435411
v -0.438199 -0.029389 1.444548
v -0.445456 -0.047553 1.468472
v -0.454426 -0.047553 1.498043
v -0.461684 -0.029389 1.521967
v -0.612293 0.000000 1.478207
v -0.608639 0.029389 1.469385
v -0.599072 0.047553 1.446288
v -0.587247 0.047553 1.417739
v -0.577679 0.029389 1.394642
v -0.574025 0.000000 1.385819
v -0.577679 -0.029389 1.394642
v -0.587247 -0.047553 1.417739
v -0.599072 -0.047553 1.446288
v -0.608639 -0.029389 1.469385
v -0.754235 0.000000 1.411074
v -0.749733 0.029389 1.402652
v -0.737948 0.047553 1.380604
v -0.723381 0.047553 1.353352
v -0.711597 0.029389 1.331303
v -0.707095 0.000000 1.322882
v -0.711597 -0.029389 1.331303
v -0.723381 -0.047553 1.353352
v -0.737948 -0.047553 1.380604
v -0.749733 -0.029389 1.402652
v -0.888912 0.000000 1.330351
v -0.883607 0.029389 1.322412
v -0.869718 0.047553 1.301625
v -0.852550 0.047553 1.275931
v -0.838661 0.029389 1.255144
v -0.833355 0.000000 1.247204
v -0.838661 -0.029389 1.255144
v -0.852550 -0.047553 1.275931
v -0.869718 -0.047553 1.301625
v -0.883607 -0.029389 1.322412
v -1.015029 0.000000 1.236817
v -1.008971 0.029389 1.229435
v -0.993112 0.047553 1.210110
v -0.973508 0.047553 1.186223
v -0.957648 0.029389 1.166897
v -0.951590 0.000000 1.159516
v -0.957648 -0.029389 1.166897
v -0.973508 -0.047553 1.186223
v -0.993112 -0.047553 1.210110
v -1.008971 -0.029389 1.229435
v -1.131371 0.000000 1.131371
v -1.124619 0.029389 1.124619
v -1.106941 0.047553 1.106941
v -1.085090 0.047553 1.085090
v -1.067412 0.029389 1.067412
v -1.060660 0.000000 1.060660
v -1.067412 -0.029389 1.067412
v -1.085090 -0.047553 1.085090
v -1.106941 -0.047553 1.106941
v -1.124619 -0.029389 1.124619
v -1.236817 0.000000 1.015029
v -1.229435 0.029389 1.008971
v -1.210110 0.047553 0.993112
v -1.186223 0.047553 0.973508
v -1.166897 0.029389 0.957648
v -1.159516 0.000000 0.951590
v -1.166897 -0.029389 0.957648
v -1.186223 -0.047553 0.973508
v -1.210110 -0.047553 0.993112
v -1.229435 -0.029389 1.008971
v -1.330351 0.000000 0.888912
v -1.322412 0.029389 0.883607
v -1.301625 0.047553 0.869718
v -1.275931 0.047553 0.852550
v -1.255144 0.029389 0.838661
v -1.247204 0.000000 0.833355
v -1.255144 -0.029389 0.838661
v -1.275931 -0.047553 0.852550
v -1.301625 -0.047553 0.869718
v -1.322412 -0.029389 0.883607
v -1.411074 0.000000 0.754235
v -1.402652 0.029389 0.749733
v -1.380604 0.047553 0.737948
v -1.353352 0.047553 0.723381
v -1.331303 0.029389 0.711597
v -1.322882 0.000000 0.707095
v -1.331303 -0.029389 0.711597
v -1.353352 -0.047553 0.723381
v -1.380604 -0.047553 0.737948
v -1.402652 -0.029389 0.749733
v -1.478207 0.000000 0.612293
v -1.469385 0.029389 0.608639
v -1.446288 0.047553 0.599072
v -1.417739 0.047553 0.587247
v -1.394642 0.029389 0.577679
v -1.385819 0.000000 0.574025
v -1.394642 -0.029389 0.577679
v -1.417739 -0.047553 0.587247
v -1.446288 -0.047553 0.599072
v -1.469385 -0.029389 0.608639
v -1.531105 0.000000 0.464455
v -1.521967 0.029389 0.461684
v -1.498043 0.047553 0.454426
v -1.468472 0.047553 0.445456
v -1.444548 0.029389 0.438199
v -1.435411 0.000000 0.435427
v -1.444548 -0.029389 0.438199
v -1.468472 -0.047553 0.445456
v -1.498043 -0.047553 0.454426
v -1.521967 -0.029389 0.461684
v -1.569256 0.000000 0.312145
v -1.559891 0.029389 0.310282
v -1.535371 0.047553 0.305404
v -1.505063 0.047553 0.299376
v -1.480544 0.029389 0.294498
v -1.471178 0.000000 0.292635
v -1.480544 -0.029389 0.294498
v -1.505063 -0.047553 0.299376
v -1.535371 -0.047553 0.305404
v -1.559891 -0.029389 0.310282
v -1.592296 0.000000 0.156827
v -1.582792 0.029389 0.155891
v -1.557913 0.047553 0.153441
v -1.527160 0.047553 0.150412
v -1.502280 0.029389 0.147962
v -1.492777 0.000000 0.147026
v -1.502280 -0.029389 0.147962
v -1.527160 -0.047553 0.150412
v -1.557913 -0.047553 0.153441
v -1.582792 -0.029389 0.155891
v -1.600000 0.000000 0.000000
v -1.590451 0.029389 0.000000
v -1.565451 0.047553 0.000000
v -1.534549 0.047553 0.000000
v -1.509549 0.029389 0.000000
v -1.500000 0.000000 0.000000
v -1.509549 -0.029389 0.000000
v -1.534549 -0.047553 0.000000
v -1.565451 -0.047553 0.000000
v -1.590451 -0.029389 0.000000
v -1.592296 0.000000 -0.156827
v -1.582792 0.029389 -0.155891
v -1.557913 0.047553 -0.153441
v -1.527160 0.047553 -0.150412
v -1.502280 0.029389 -0.147962
v -1.492777 0.000000 -0.147026
v -1.502280 -0.029389 -0.147962
v -1.527160 -0.047553 -0.150412
v -1.557913 -0.047553 -0.153441
v -1.582792 -0.029389 -0.155891
v -1.569256 0.000000 -0.312145
v -1.559891 0.029389 -0.310282
v -1.535371 0.047553 -0.305404
v -1.505063 0.047553 -0.299376
v -1.480544 0.029389 -0.294498
v -1.471178 0.000000 -0.292635
v -1.480544 -0.029389 -0.294498
v -1.505063 -0.047553 -0.299376
v -1.535371 -0.047553 -0.305404
v -1.559891 -0.029389 -0.310282
v -1.531105 0.000000 -0.464455
v -1.521967 0.029389 -0.461684
v -1.498043 0.047553 -0.454426
v -1.468472 0.047553 -0.445456
v -1.444548 0.029389 -0.438199
v -1.435411 0.000000 -0.435427
v -1.444548 -0.029389 -0.438199
v -1.468472 -0.047553 -0.445456
v -1.498043 -0.047553 -0.454426
v -1.521967 -0.029389 -0.461684
v -1.478207 0.000000 -0.612293
v -1.469385 0.029389 -0.608639
v -1.446288 0.047553 -0.599072
v -1.417739 0.047553 -0.587247
v -1.394642 0.029389 -0.577679
v -1.385819 0.000000 -0.574025
v -1.394642 -0.029389 -0.577679
v -1.417739 -0.047553 -0.587247
v -1.446288 -0.047553 -0.599072
v -1.469385 -0.029389 -0.608639
v -1.411074 0.000000 -0.754235
v -1.402652 0.029389 -0.749733
v -1.380604 0.047553 -0.737948
v -1.353352 0.047553 -0.723381
v -1.331303 0.029389 -0.711597
v -1.322882 0.000000 -0.707095
v -1.331303 -0.029389 -0.711597
v -1.353352 -0.047553 -0.723381
v -1.380604 -0.047553 -0.737948
v -1.402652 -0.029389 -0.749733
v -1.330351 0.000000 -0.888912
v -1.322412 0.029389 -0.883607
v -1.301625 0.047553 -0.869718
v -1.275931 0.047553 -0.852550
v -1.255144 0.029389 -0.838661
v -1.247204 0.000000 -0.833355
v -1.255144 -0.029389 -0.838661
v -1.275931 -0.047553 -0.852550
v -1.301625 -0.047553 -0.869718
v -1.322412 -0.029389 -0.883607
v -1.236817 0.000000 -1.015029
v -1.229435 0.029389 -1.008971
v -1.210110 0.047553 -0.993112
v -1.186223 0.047553 -0.973508
v -1.166897 0.029389 -0.957648
v -1.159516 0.000000 -0.951590
v -1.166897 -0.029389 -0.957648
v -1.186223 -0.047553 -0.973508
v -1.210110 -0.047553 -0.993112
v -1.229435 -0.029389 -1.008971
v -1.131371 0.000000 -1.131371
v -1.124619 0.029389 -1.124619
v -1.106941 0.047553 -1.106941
v -1.085090 0.047553 -1.085090
v -1.067412 0.029389 -1.067412
v -1.060660 0.000000 -1.060660
v -1.067412 -0.029389 -1.067412
v -1.085090 -0.047553 -1.085090
v -1.106941 -0.047553 -1.106941
v -1.124619 -0.029389 -1.124619
v -1.015029 0.000000 -1.236817
v -1.008971 0.029389 -1.229435
v -0.993112 0.047553 -1.210110
v -0.973508 0.047553 -1.186223
v -0.957648 0.029389 -1.166897
v -0.951590 0.000000 -1.159516
v -0.957648 -0.029389 -1.166897
v -0.973508 -0.047553 -1.186223
v -0.993112 -0.047553 -1.210110
v -1.008971 -0.029389 -1.229435
v -0.888912 0.000000 -1.330351
v -0.883607 0.029389 -1.322412
v -0.869718 0.047553 -1.301625
v -0.852550 0.047553 -1.275931
v -0.838661 0.029389 -1.255144
v -0.833355 0.000000 -1.247204
v -0.838661 -0.029389 -1.255144
v -0.852550 -0.047553 -1.275931
v -0.869718 -0.047553 -1.301625
v -0.883607 -0.029389 -1.322412
v -0.754235 0.000000 -1.411074
v -0.749733 0.029389 -1.402652
v -0.737948 0.047553 -1.380604
v -0.723381 0.047553 -1.353352
v -0.711597 0.029389 -1.331303
v -0.707095 0.000000 -1.322882
v -0.711597 -0.029389 -1.331303
v -0.723381 -0.047553 -1.353352
v -0.737948 -0.047553 -1.380604
v -0.749733 -0.029389 -1.402652
v -0.612293 0.000000 -1.478207
v -0.608639 0.029389 -1.469385
v -0.599072 0.047553 -1.446288
v -0.587247 0.047553 -1.417739
v -0.577679 0.029389 -1.394642
v -0.574025 0.000000 -1.385819
v -0.577679 -0.029389 -1.394642
v -0.587247 -0.047553 -1.417739
v -0.599072 -0.047553 -1.446288
v -0.608639 -0.029389 -1.469385
v -0.464455 0.000000 -1.531105
v -0.461684 0.029389 -1.521967
v -0.454426 0.047553 -1.498043
v -0.445456 0.047553 -1.468472
v -0.438199 0.029389 -1.444548
v -0.435427 0.000000 -1.435411
v -0.438199 -0.029389 -1.444548
v -0.445456 -0.047553 -1.468472
v -0.454426 -0.047553 -1.498043
v -0.461684 -0.029389 -1.521967
v -0.312145 0.000000 -1.569256
v -0.310282 0.029389 -1.559891
v -0.305404 0.047553 -1.535371
v -0.299376 0.047553 -1.505063
v -0.294498 0.029389 -1.480544
v -0.292635 0.000000 -1.471178
v -0.294498 -0.029389 -1.480544
v -0.299376 -0.047553 -1.505063
v -0.305404 -0.047553 -1.535371
v -0.310282 -0.029389 -1.559891
v -0.156827 0.000000 -1.592296
v -0.155891 0.029389 -1.582792
v -0.153441 0.047553 -1.557913
v -0.150412 0.047553 -1.527160
v -0.147962 0.029389 -1.502280
v -0.147026 0.000000 -1.492777
v -0.147962 -0.029389 -1.502280
v -0.150412 -0.047553 -1.527160
v -0.153441 -0.047553 -1.557913
v -0.155891 -0.029389 -1.582792
v -0.000000 0.000000 -1.600000
v -0.000000 0.029389 -1.590451
v -0.000000 0.047553 -1.565451
v -0.000000 0.047553 -1.534549
v -0.000000 0.029389 -1.509549
v -0.000000 0.000000 -1.500000
v -0.000000 -0.029389 -1.509549
v -0.000000 -0.047553 -1.534549
v -0.000000 -0.047553 -1.565451
v -0.000000 -0.029389 -1.590451
v 0.156827 0.000000 -1.592296
v 0.155891 0.029389 -1.582792
v 0.153441 0.047553 -1.557913
v 0.150412 0.047553 -1.527160
v 0.147962 0.029389 -1.502280
v 0.147026 0.000000 -1.492777
v 0.147962 -0.029389 -1.502280
v 0.150412 -0.047553 -1.527160
v 0.153441 -0.047553 -1.557913
v 0.155891 -0.029389 -1.582792
v 0.312145 0.000000 -1.569256
v 0.310282 0.029389 -1.559891
v 0.305404 0.047553 -1.535371
v 0.299376 0.047553 -1.505063
v 0.294498 0.029389 -1.480544
v 0.292635 0.000000 -1.471178
v 0.294498 -0.029389 -1.480544
v 0.299376 -0.047553 -1.505063
v 0.305404 -0.047553 -1.535371
v 0.310282 -0.029389 -1.559891
v 0.464455 0.000000 -1.531105
v 0.461684 0.029389 -1.521967
v 0.454426 0.047553 -1.498043
v 0.445456 0.047553 -1.468472
v 0.438199 0.029389 -1.444548
v 0.435427 0.000000 -1.435411
v 0.438199 -0.029389 -1.444548
v 0.445456 -0.047553 -1.468472
v 0.454426 -0.047553 -1.498043
v 0.461684 -0.029389 -1.521967
v 0.612293 0.000000 -1.478207
v 0.608639 0.029389 -1.469385
v 0.599072 0.047553 -1.446288
v 0.587247 0.047553 -1.417739
v 0.577679 0.029389 -1.394642
v 0.574025 0.000000 -1.385819
v 0.577679 -0.029389 -1.394642
v 0.587247 -0.047553 -1.417739
v 0.599072 -0.047553 -1.446288
v 0.608639 -0.029389 -1.469385
v 0.754235 0.000000 -1.411074
v 0.749733 0.029389 -1.402652
v 0.737948 0.047553 -1.380604
v 0.723381 0.047553 -1.353352
v 0.711597 0.029389 -1.331303
v 0.707095 0.000000 -1.322882
v 0.711597 -0.029389 -1.331303
v 0.723381 -0.047553 -1.353352
v 0.737948 -0.047553 -1.380604
v 0.749733 -0.029389 -1.402652
v 0.888912 0.000000 -1.330351
v 0.883607 0.029389 -1.322412
v 0.869718 0.047553 -1.301625
v 0.852550 0.047553 -1.275931
v 0.838661 0.029389 -1.255144
v 0.833355 0.000000 -1.247204
v 0.838661 -0.029389 -1.255144
v 0.852550 -0.047553 -1.275931
v 0.869718 -0.047553 -1.301625
v 0.883607 -0.029389 -1.322412
v 1.015029 0.000000 -1.236817
v 1.008971 0.029389 -1.229435
v 0.993112 0.047553 -1.210110
v 0.973508 0.047553 -1.186223
v 0.957648 0.029389 -1.166897
v 0.951590 0.000000 -1.159516
v 0.957648 -0.029389 -1.166897
v 0.973508 -0.047553 -1.186223
v 0.993112 -0.047553 -1.210110
v 1.008971 -0.029389 -1.229435
v 1.131371 0.000000 -1.131371
v 1.124619 0.029389 -1.124619
v 1.106941 0.047553 -1.106941
v 1.085090 0.047553 -1.085090
v 1.067412 0.029389 -1.067412
v 1.060660 0.000000 -1.060660
v 1.067412 -0.029389 -1.067412
v 1.085090 -0.047553 -1.085090
v 1.106941 -0.047553 -1.106941
v 1.124619 -0.029389 -1.124619
v 1.236817 0.000000 -1.015029
v 1.229435 0.029389 -1.008971
v 1.210110 0.047553 -0.993112
v 1.186223 0.047553 -0.973508
v 1.166897 0.029389 -0.957648
v 1.159516 0.000000 -0.951590
v 1.166897 -0.029389 -0.957648
v 1.186223 -0.047553 -0.973508
v 1.210110 -0.047553 -0.993112
v 1.229435 -0.029389 -1.008971
v 1.330351 0.000000 -0.888912
v 1.322412 0.029389 -0.883607
v 1.301625 0.047553 -0.869718
v 1.275931 0.047553 -0.852550
v 1.255144 0.029389 -0.838661
v 1.247204 0.000000 -0.833355
v 1.255144 -0.029389 -0.838661
v 1.275931 -0.047553 -0.852550
v 1.301625 -0.047553 -0.869718
v 1.322412 -0.029389 -0.883607
v 1.411074 0.000000 -0.754235
v 1.402652 0.029389 -0.749733
v 1.380604 0.047553 -0.737948
v 1.353352 0.047553 -0.723381
v 1.331303 0.029389 -0.711597
v 1.322882 0.000000 -0.707095
v 1.331303 -0.029389 -0.711597
v 1.353352 -0.047553 -0.723381
v 1.380604 -0.047553 -0.737948
v 1.402652 -0.029389 -0.749733
v 1.478207 0.000000 -0.612293
v 1.469385 0.029389 -0.608639
v 1.446288 0.047553 -0.599072
v 1.417739 0.047553 -0.587247
v 1.394642 0.029389 -0.577679
v 1.385819 0.000000 -0.574025
v 1.394642 -0.029389 -0.577679
v 1.417739 -0.047553 -0.587247
v 1.446288 -0.047553 -0.599072
v 1.469385 -0.029389 -0.608639
v 1.531105 0.000000 -0.464455
v 1.521967 0.029389 -0.461684
v 1.498043 0.047553 -0.454426
v 1.468472 0.047553 -0.445456
v 1.444548 0.029389 -0.438199
v 1.435411 0.000000 -0.435427
v 1.444548 -0.029389 -0.438199
v 1.468472 -0.047553 -0.445456
v 1.498043 -0.047553 -0.454426
v 1.521967 -0.029389 -0.461684
v 1.569256 0.000000 -0.312145
v 1.559891 0.029389 -0.310282
v 1.535371 0.047553 -0.305404
v 1.505063 0.047553 -0.299376
v 1.480544 0.029389 -0.294498
v 1.471178 0.000000 -0.292635
v 1.480544 -0.029389 -0.294498
v 1.505063 -0.047553 -0.299376
v 1.535371 -0.047553 -0.305404
v 1.559891 -0.029389 -0.310282
v 1.592296 0.000000 -0.156827
v 1.582792 0.029389 -0.155891
v 1.557913 0.047553 -0.153441
v 1.527160 0.047553 -0.150412
v 1.502280 0.029389 -0.147962
v 1.492777 0.000000 -0.147026
v 1.502280 -0.029389 -0.147962
v 1.527160 -0.047553 -0.150412
v 1.557913 -0.047553 -0.153441
v 1.582792 -0.029389 -0.155891
v 1.455000 0.000000 0.000000
v 1.448316 0.000000 0.020572
v 1.430816 0.000000 0.033287
v 1.409184 0.000000 0.033287
v 1.391684 0.000000 0.020572
v 1.385000 0.000000 0.000000
v 1.391684 -0.000000 -0.020572
v 1.409184 -0.000000 -0.033287
v 1.430816 -0.000000 -0.033287
v 1.448316 -0.000000 -0.020572
v 1.447994 -0.142615 0.000000
v 1.441342 -0.141960 0.020572
v 1.423926 -0.140244 0.033287
v 1.402399 -0.138124 0.033287
v 1.384983 -0.136409 0.020572
v 1.378331 -0.135754 0.000000
v 1.384983 -0.136409 -0.020572
v 1.402399 -0.138124 -0.033287
v 1.423926 -0.140244 -0.033287
v 1.441342 -0.141960 -0.020572
v 1.427043 -0.283856 0.000000
v 1.420487 -0.282552 0.020572
v 1.403323 -0.279138 0.033287
v 1.382107 -0.274918 0.033287
v 1.364944 -0.271504 0.020572
v 1.358388 -0.270200 0.000000
v 1.364944 -0.271504 -0.020572
v 1.382107 -0.274918 -0.033287
v 1.403323 -0.279138 -0.033287
v 1.420487 -0.282552 -0.020572
v 1.392348 -0.422364 0.000000
v 1.385952 -0.420424 0.020572
v 1.369205 -0.415344 0.033287
v 1.348505 -0.409065 0.033287
v 1.331759 -0.403985 0.020572
v 1.325362 -0.402044 0.000000
v 1.331759 -0.403985 -0.020572
v 1.348505 -0.409065 -0.033287
v 1.369205 -0.415344 -0.033287
v 1.385952 -0.420424 -0.020572
v 1.344245 -0.556804 0.000000
v 1.338069 -0.554246 0.020572
v 1.321901 -0.547549 0.033287
v 1.301917 -0.539272 0.033287
v 1.285749 -0.532575 0.020572
v 1.279573 -0.530017 0.000000
v 1.285749 -0.532575 -0.020572
v 1.301917 -0.539272 -0.033287
v 1.321901 -0.547549 -0.033287
v 1.338069 -0.554246 -0.020572
v 1.283195 -0.685882 0.000000
v 1.277300 -0.682731 0.020572
v 1.261867 -0.674482 0.033287
v 1.242790 -0.664285 0.033287
v 1.227356 -0.656035 0.020572
v 1.221461 -0.652884 0.000000
v 1.227356 -0.656035 -0.020572
v 1.242790 -0.664285 -0.033287
v 1.261867 -0.674482 -0.033287
v 1.277300 -0.682731 -0.020572
v 1.209788 -0.808355 0.000000
v 1.204230 -0.804641 0.020572
v 1.189680 -0.794919 0.033287
v 1.171694 -0.782901 0.033287
v 1.157143 -0.773178 0.020572
v 1.151585 -0.769465 0.000000
v 1.157143 -0.773178 -0.020572
v 1.171694 -0.782901 -0.033287
v 1.189680 -0.794919 -0.033287
v 1.204230 -0.804641 -0.020572
v 1.124730 -0.923042 0.000000
v 1.119563 -0.918802 0.020572
v 1.106035 -0.907700 0.033287
v 1.089314 -0.893977 0.033287
v 1.075787 -0.882875 0.020572
v 1.070619 -0.878635 0.000000
v 1.075787 -0.882875 -0.020572
v 1.089314 -0.893977 -0.033287
v 1.106035 -0.907700 -0.033287
v 1.119563 -0.918802 -0.020572
v 1.028840 -1.028840 0.000000
v 1.024114 -1.024114 0.020572
v 1.011739 -1.011739 0.033287
v 0.996444 -0.996444 0.033287
v 0.984069 -0.984069 0.020572
v 0.979343 -0.979343 0.000000
v 0.984069 -0.984069 -0.020572
v 0.996444 -0.996444 -0.033287
v 1.011739 -1.011739 -0.033287
v 1.024114 -1.024114 -0.020572
v 0.923042 -1.124730 0.000000
v 0.918802 -1.119563 0.020572
v 0.907700 -1.106035 0.033287
v 0.893977 -1.089314 0.033287
v 0.882875 -1.075787 0.020572
v 0.878635 -1.070619 0.000000
v 0.882875 -1.075787 -0.020572
v 0.893977 -1.089314 -0.033287
v 0.907700 -1.106035 -0.033287
v 0.918802 -1.119563 -0.020572
v 0.808355 -1.209788 0.000000
v 0.804641 -1.204230 0.020572
v 0.794919 -1.189680 0.033287
v 0.782901 -1.171694 0.033287
v 0.773178 -1.157143 0.020572
v 0.769465 -1.151585 0.000000
v 0.773178 -1.157143 -0.020572
v 0.782901 -1.171694 -0.033287
v 0.794919 -1.189680 -0.033287
v 0.804641 -1.204230 -0.020572
v 0.685882 -1.283195 0.000000
v 0.682731 -1.277300 0.020572
v 0.674482 -1.261867 0.033287
v 0.664285 -1.242790 0.033287
v 0.656035 -1.227356 0.020572
v 0.652884 -1.221461 0.000000
v 0.656035 -1.227356 -0.020572
v 0.664285 -1.242790 -0.033287
v 0.674482 -1.261867 -0.033287
v 0.682731 -1.277300 -0.020572
v 0.556804 -1.344245 0.000000
v 0.554246 -1.338069 0.020572
v 0.547549 -1.321901 0.033287
v 0.539272 -1.301917 0.033287
v 0.532575 -1.285749 0.020572
v 0.530017 -1.279573 0.000000
v 0.532575 -1.285749 -0.020572
v 0.539272 -1.301917 -0.033287
v 0.547549 -1.321901 -0.033287
v 0.554246 -1.338069 -0.020572
v 0.422364 -1.392348 0.000000
v 0.420424 -1.385952 0.020572
v 0.415344 -1.369205 0.033287
v 0.409065 -1.348505 0.033287
v 0.403985 -1.331759 0.020572
v 0.402044 -1.325362 0.000000
v 0.403985 -1.331759 -0.020572
v 0.409065 -1.348505 -0.033287
v 0.415344 -1.369205 -0.033287
v 0.420424 -1.385952 -0.020572
v 0.283856 -1.427043 0.000000
v 0.282552 -1.420487 0.020572
v 0.279138 -1.403323 0.033287
v 0.274918 -1.382107 0.033287
v 0.271504 -1.364944 0.020572
v 0.270200 -1.358388 0.000000
v 0.271504 -1.364944 -0.020572
v 0.274918 -1.382107 -0.033287
v 0.279138 -1.403323 -0.033287
v 0.282552 -1.420487 -0.020572
v 0.142615 -1.447994 0.000000
v 0.141960 -1.441342 0.020572
v 0.140244 -1.423926 0.033287
v 0.138124 -1.402399 0.033287
v 0.136409 -1.384983 0.020572
v 0.135754 -1.378331 0.000000
v 0.136409 -1.384983 -0.020572
v 0.138124 -1.402399 -0.033287
v 0.140244 -1.423926 -0.033287
v 0.141960 -1.441342 -0.020572
v 0.000000 -1.455000 0.000000
v 0.000000 -1.448316 0.020572
v 0.000000 -1.430816 0.033287
v 0.000000 -1.409184 0.033287
v 0.000000 -1.391684 0.020572
v 0.000000 -1.385000 0.000000
v 0.000000 -1.391684 -0.020572
v 0.000000 -1.409184 -0.033287
v 0.000000 -1.430816 -0.033287
v 0.000000 -1.448316 -0.020572
v -0.142615 -1.447994 0.000000
v -0.141960 -1.441342 0.020572
v -0.140244 -1.423926 0.033287
v -0.138124 -1.402399 0.033287
v -0.136409 -1.384983 0.020572
v -0.135754 -1.378331 0.000000
v -0.136409 -1.384983 -0.020572
v -0.138124 -1.402399 -0.033287
v -0.140244 -1.423926 -0.033287
v -0.141960 -1.441342 -0.020572
v -0.283856 -1.427043 0.000000
v -0.282552 -1.420487 0.020572
v -0.279138 -1.403323 0.033287
v -0.274918 -1.382107 0.033287
v -0.271504 -1.364944 0.020572
v -0.270200 -1.358388 0.000000
v -0.271504 -1.364944 -0.020572
v -0.274918 -1.382107 -0.033287
v -0.279138 -1.403323 -0.033287
v -0.282552 -1.420487 -0.020572
v -0.422364 -1.392348 0.000000
v -0.420424 -1.385952 0.020572
v -0.415344 -1.369205 0.033287
v -0.409065 -1.348505 0.033287
v -0.403985 -1.331759 0.020572
v -0.402044 -1.325362 0.000000
v -0.403985 -1.331759 -0.020572
v -0.409065 -1.348505 -0.033287
v -0.415344 -1.369205 -0.033287
v -0.420424 -1.385952 -0.020572
v -0.556804 -1.344245 0.000000
v -0.554246 -1.338069 0.020572
v -0.547549 -1.321901 0.033287
v -0.539272 -1.301917 0.033287
v -0.532575 -1.285749 0.020572
v -0.530017 -1.279573 0.000000
v -0.532575 -1.285749 -0.020572
v -0.539272 -1.301917 -0.033287
v -0.547549 -1.321901 -0.033287
v -0.554246 -1.338069 -0.020572
v -0.685882 -1.283195 0.000000
v -0.682731 -1.277300 0.020572
v -0.674482 -1.261867 0.033287
v -0.664285 -1.242790 0.033287
v -0.656035 -1.227356 0.020572
v -0.652884 -1.221461 0.000000
v -0.656035 -1.227356 -0.020572
v -0.664285 -1.242790 -0.033287
v -0.674482 -1.261867 -0.033287
v -0.682731 -1.277300 -0.020572
v -0.808355 -1.209788 0.000000
v -0.804641 -1.204230 0.020572
v -0.794919 -1.189680 0.033287
v -0.782901 -1.171694 0.033287
v -0.773178 -1.157143 0.020572
v -0.769465 -1.151585 0.000000
v -0.773178 -1.157143 -0.020572
v -0.782901 -1.171694 -0.033287
v -0.794919 -1.189680 -0.033287
v -0.804641 -1.204230 -0.020572
v -0.923042 -1.124730 0.000000
v -0.918802 -1.119563 0.020572
v -0.907700 -1.106035 0.033287
v -0.893977 -1.089314 0.033287
v -0.882875 -1.075787 0.020572
v -0.878635 -1.070619 0.000000
v -0.882875 -1.075787 -0.020572
v -0.893977 -1.089314 -0.033287
v -0.907700 -1.106035 -0.033287
v -0.918802 -1.119563 -0.020572
v -1.028840 -1.028840 0.000000
v -1.024114 -1.024114 0.020572
v -1.011739 -1.011739 0.033287
v -0.996444 -0.996444 0.033287
v -0.984069 -0.984069 0.020572
v -0.979343 -0.979343 0.000000
v -0.984069 -0.984069 -0.020572
v -0.996444 -0.996444 -0.033287
v -1.011739 -1.011739 -0.033287
v -1.024114 -1.024114 -0.020572
v -1.124730 -0.923042 0.000000
v -1.119563 -0.918802 0.020572
v -1.106035 -0.907700 0.033287
v -1.089314 -0.893977 0.033287
v -1.075787 -0.882875 0.020572
v -1.070619 -0.878635 0.000000
v -1.075787 -0.882875 -0.020572
v -1.089314 -0.893977 -0.033287
v -1.106035 -0.907700 -0.033287
v -1.119563 -0.918802 -0.020572
v -1.209788 -0.808355 0.000000
v -1.204230 -0.804641 0.020572
v -1.189680 -0.794919 0.033287
v -1.171694 -0.782901 0.033287
v -1.157143 -0.773178 0.020572
v -1.151585 -0.769465 0.000000
v -1.157143 -0.773178 -0.020572
v -1.171694 -0.782901 -0.033287
v -1.189680 -0.794919 -0.033287
v -1.204230 -0.804641 -0.020572
v -1.283195 -0.685882 0.000000
v -1.277300 -0.682731 0.020572
v -1.261867 -0.674482 0.033287
v -1.242790 -0.664285 0.033287
v -1.227356 -0.656035 0.020572
v -1.221461 -0.652884 0.000000
v -1.227356 -0.656035 -0.020572
v -1.242790 -0.664285 -0.033287
v -1.261867 -0.674482 -0.033287
v -1.277300 -0.682731 -0.020572
v -1.344245 -0.556804 0.000000
v -1.338069 -0.554246 0.020572
v -1.321901 -0.547549 0.033287
v -1.301917 -0.539272 0.033287
v -1.285749 -0.532575 0.020572
v -1.279573 -0.530017 0.000000
v -1.285749 -0.532575 -0.020572
v -1.301917 -0.539272 -0.033287
v -1.321901 -0.547549 -0.033287
v -1.338069 -0.554246 -0.020572
v -1.392348 -0.422364 0.000000
v -1.385952 -0.420424 0.020572
v -1.369205 -0.415344 0.033287
v -1.348505 -0.409065 0.033287
v -1.331759 -0.403985 0.020572
v -1.325362 -0.402044 0.000000
v -1.331759 -0.403985 -0.020572
v -1.348505 -0.409065 -0.033287
v -1.369205 -0.415344 -0.033287
v -1.385952 -0.420424 -0.020572
v -1.427043 -0.283856 0.000000
v -1.420487 -0.282552 0.020572
v -1.403323 -0.279138 0.033287
v -1.382107 -0.274918 0.033287
v -1.364944 -0.271504 0.020572
v -1.358388 -0.270200 0.000000
v -1.364944 -0.271504 -0.020572
v -1.382107 -0.274918 -0.033287
v -1.403323 -0.279138 -0.033287
v -1.420487 -0.282552 -0.020572
v -1.447994 -0.142615 0.000000
v -1.441342 -0.141960 0.020572
v -1.423926 -0.140244 0.033287
v -1.402399 -0.138124 0.033287
v -1.384983 -0.136409 0.020572
v -1.378331 -0.135754 0.000000
v -1.384983 -0.136409 -0.020572
v -1.402399 -0.138124 -0.033287
v -1.423926 -0.140244 -0.033287
v -1.441342 -0.141960 -0.020572
v -1.455000 -0.000000 0.000000
v -1.448316 -0.000000 0.020572
v -1.430816 -0.000000 0.033287
v -1.409184 -0.000000 0.033287
v -1.391684 -0.000000 0.020572
v -1.385000 -0.000000 0.000000
v -1.391684 -0.000000 -0.020572
v -1.409184 -0.000000 -0.033287
v -1.430816 -0.000000 -0.033287
v -1.448316 -0.000000 -0.020572
v -1.447994 0.142615 -0.000000
v -1.441342 0.141960 0.020572
v -1.423926 0.140244 0.033287
v -1.402399 0.138124 0.033287
v -1.384983 0.136409 0.020572
v -1.378331 0.135754 -0.000000
v -1.384983 0.136409 -0.020572
v -1.402399 0.138124 -0.033287
v -1.423926 0.140244 -0.033287
v -1.441342 0.141960 -0.020572
v -1.427043 0.283856 -0.000000
v -1.420487 0.282552 0.020572
v -1.403323 0.279138 0.033287
v -1.382107 0.274918 0.033287
v -1.364944 0.271504 0.020572
v -1.358388 0.270200 -0.000000
v -1.364944 0.271504 -0.020572
v -1.382107 0.274918 -0.033287
v -1.403323 0.279138 -0.033287
v -1.420487 0.282552 -0.020572
v -1.392348 0.422364 -0.000000
v -1.385952 0.420424 0.020572
v -1.369205 0.415344 0.033287
v -1.348505 0.409065 0.033287
v -1.331759 0.403985 0.020572
v -1.325362 0.402044 -0.000000
v -1.331759 0.403985 -0.020572
v -1.348505 0.409065 -0.033287
v -1.369205 0.415344 -0.033287
v -1.385952 0.420424 -0.020572
v -1.344245 0.556804 -0.000000
v -1.338069 0.554246 0.020572
v -1.321901 0.547549 0.033287
v -1.301917 0.539272 0.033287
v -1.285749 0.532575 0.020572
v -1.279573 0.530017 -0.000000
v -1.285749 0.532575 -0.020572
v -1.301917 0.539272 -0.033287
v -1.321901 0.547549 -0.033287
v -1.338069 0.554246 -0.020572
v -1.283195 0.685882 -0.000000
v -1.277300 0.682731 0.020572
v -1.261867 0.674482 0.033287
v -1.242790 0.664285 0.033287
v -1.227356 0.656035 0.020572
v -1.221461 0.652884 -0.000000
v -1.227356 0.656035 -0.020572
v -1.242790 0.664285 -0.033287
v -1.261867 0.674482 -0.033287
v -1.277300 0.682731 -0.020572
v -1.209788 0.808355 -0.000000
v -1.204230 0.804641 0.020572
v -1.189680 0.794919 0.033287
v -1.171694 0.782901 0.033287
v -1.157143 0.773178 0.020572
v -1.151585 0.769465 -0.000000
v -1.157143 0.773178 -0.020572
v -1.171694 0.782901 -0.033287
v -1.189680 0.794919 -0.033287
v -1.204230 0.804641 -0.020572
v -1.124730 0.923042 -0.000000
v -1.119563 0.918802 0.020572
v -1.106035 0.907700 0.033287
v -1.089314 0.893977 0.033287
v -1.075787 0.882875 0.020572
v -1.070619 0.878635 -0.000000
v -1.075787 0.882875 -0.020572
v -1.089314 0.893977 -0.033287
v -1.106035 0.907700 -0.033287
v -1.119563 0.918802 -0.020572
v -1.028840 1.028840 -0.000000
v -1.024114 1.024114 0.020572
v -1.011739 1.011739 0.033287
v -0.996444 0.996444 0.033287
v -0.984069 0.984069 0.020572
v -0.979343 0.979343 -0.000000
v -0.984069 0.984069 -0.020572
v -0.996444 0.996444 -0.033287
v -1.011739 1.011739 -0.033287
v -1.024114 1.024114 -0.020572
v -0.923042 1.124730 -0.000000
v -0.918802 1.119563 0.020572
v -0.907700 1.106035 0.033287
v -0.893977 1.089314 0.033287
v -0.882875 1.075787 0.020572
v -0.878635 1.070619 -0.000000
v -0.882875 1.075787 -0.020572
v -0.893977 1.089314 -0.033287
v -0.907700 1.106035 -0.033287
v -0.918802 1.119563 -0.020572
v -0.808355 1.209788 -0.000000
v -0.804641 1.204230 0.020572
v -0.794919 1.189680 0.033287
v -0.782901 1.171694 0.033287
v -0.773178 1.157143 0.020572
v -0.769465 1.151585 -0.000000
v -0.773178 1.157143 -0.020572
v -0.782901 1.171694 -0.033287
v -0.794919 1.189680 -0.033287
v -0.804641 1.204230 -0.020572
v -0.685882 1.283195 -0.000000
v -0.682731 1.277300 0.020572
v -0.674482 1.261867 0.033287
v -0.664285 1.242790 0.033287
v -0.656035 1.227356 0.020572
v -0.652884 1.221461 -0.000000
v -0.656035 1.227356 -0.020572
v -0.664285 1.242790 -0.033287
v -0.674482 1.261867 -0.033287
v -0.682731 1.277300 -0.020572
v -0.556804 1.344245 -0.000000
v -0.554246 1.338069 0.020572
v -0.547549 1.321901 0.033287
v -0.539272 1.301917 0.033287
v -0.532575 1.285749 0.020572
v -0.530017 1.279573 -0.000000
v -0.532575 1.285749 -0.020572
v -0.539272 1.301917 -0.033287
v -0.547549 1.321901 -0.033287
v -0.554246 1.338069 -0.020572
v -0.422364 1.392348 -0.000000
v -0.420424 1.385952 0.020572
v -0.415344 1.369205 0.033287
v -0.409065 1.348505 0.033287
v -0.403985 1.331759 0.020572
v -0.402044 1.325362 -0.000000
v -0.403985 1.331759 -0.020572
v -0.409065 1.348505 -0.033287
v -0.415344 1.369205 -0.033287
v -0.420424 1.385952 -0.020572
v -0.283856 1.427043 -0.000000
v -0.282552 1.420487 0.020572
v -0.279138 1.403323 0.033287
v -0.274918 1.382107 0.033287
v -0.271504 1.364944 0.020572
v -0.270200 1.358388 -0.000000
v -0.271504 1.364944 -0.020572
v -0.274918 1.382107 -0.033287
v -0.279138 1.403323 -0.033287
v -0.282552 1.420487 -0.020572
v -0.142615 1.447994 -0.000000
v -0.141960 1.441342 0.020572
v -0.140244 1.423926 0.033287
v -0.138124 1.402399 0.033287
v -0.136409 1.384983 0.020572
v -0.135754 1.378331 -0.000000
v -0.136409 1.384983 -0.020572
v -0.138124 1.402399 -0.033287
v -0.140244 1.423926 -0.033287
v -0.141960 1.441342 -0.020572
v -0.000000 1.455000 -0.000000
v -0.000000 1.448316 0.020572
v -0.000000 1.430816 0.033287
v -0.000000 1.409184 0.033287
v -0.000000 1.391684 0.020572
v -0.000000 1.385000 -0.000000
v -0.000000 1.391684 -0.020572
v -0.000000 1.409184 -0.033287
v -0.000000 1.430816 -0.033287
v -0.000000 1.448316 -0.020572
v 0.142615 1.447994 -0.000000
v 0.141960 1.441342 0.020572
v 0.140244 1.423926 0.033287
v 0.138124 1.402399 0.033287
v 0.136409 1.384983 0.020572
v 0.135754 1.378331 -0.000000
v 0.136409 1.384983 -0.020572
v 0.138124 1.402399 -0.033287
v 0.140244 1.423926 -0.033287
v 0.141960 1.441342 -0.020572
v 0.283856 1.427043 -0.000000
v 0.282552 1.420487 0.020572
v 0.279138 1.403323 0.033287
v 0.274918 1.382107 0.033287
v 0.271504 1.364944 0.020572
v 0.270200 1.358388 -0.000000
v 0.271504 1.364944 -0.020572
v 0.274918 1.382107 -0.033287
v 0.279138 1.403323 -0.033287
v 0.282552 1.420487 -0.020572
v 0.422364 1.392348 -0.000000
v 0.420424 1.385952 0.020572
v 0.415344 1.369205 0.033287
v 0.409065 1.348505 0.033287
v 0.403985 1.331759 0.020572
v 0.402044 1.325362 -0.000000
v 0.403985 1.331759 -0.020572
v 0.409065 1.348505 -0.033287
v 0.415344 1.369205 -0.033287
v 0.420424 1.385952 -0.020572
v 0.556804 1.344245 -0.000000
v 0.554246 1.338069 0.020572
v 0.547549 1.321901 0.033287
v 0.539272 1.301917 0.033287
v 0.532575 1.285749 0.020572
v 0.530017 1.279573 -0.000000
v 0.532575 1.285749 -0.020572
v 0.539272 1.301917 -0.033287
v 0.547549 1.321901 -0.033287
v 0.554246 1.338069 -0.020572
v 0.685882 1.283195 -0.000000
v 0.682731 1.277300 0.020572
v 0.674482 1.261867 0.033287
v 0.664285 1.242790 0.033287
v 0.656035 1.227356 0.020572
v 0.652884 1.221461 -0.000000
v 0.656035 1.227356 -0.020572
v 0.664285 1.242790 -0.033287
v 0.674482 1.261867 -0.033287
v 0.682731 1.277300 -0.020572
v 0.808355 1.209788 -0.000000
v 0.804641 1.204230 0.020572
v 0.794919 1.189680 0.033287
v 0.782901 1.171694 0.033287
v 0.773178 1.157143 0.020572
v 0.769465 1.151585 -0.000000
v 0.773178 1.157143 -0.020572
v 0.782901 1.171694 -0.033287
v 0.794919 1.189680 -0.033287
v 0.804641 1.204230 -0.020572
v 0.923042 1.124730 -0.000000
v 0.918802 1.119563 0.020572
v 0.907700 1.106035 0.033287
v 0.893977 1.089314 0.033287
v 0.882875 1.075787 0.020572
v 0.878635 1.070619 -0.000000
v 0.882875 1.075787 -0.020572
v 0.893977 1.089314 -0.033287
v 0.907700 1.106035 -0.033287
v 0.918802 1.119563 -0.020572
v 1.028840 1.028840 -0.000000
v 1.024114 1.024114 0.020572
v 1.011739 1.011739 0.033287
v 0.996444 0.996444 0.033287
v 0.984069 0.984069 0.020572
v 0.979343 0.979343 -0.000000
v 0.984069 0.984069 -0.020572
v 0.996444 0.996444 -0.033287
v 1.011739 1.011739 -0.033287
v 1.024114 1.024114 -0.020572
v 1.124730 0.923042 -0.000000
v 1.119563 0.918802 0.020572
v 1.106035 0.907700 0.033287
v 1.089314 0.893977 0.033287
v 1.075787 0.882875 0.020572
v 1.070619 0.878635 -0.000000
v 1.075787 0.882875 -0.020572
v 1.089314 0.893977 -0.033287
v 1.106035 0.907700 -0.033287
v 1.119563 0.918802 -0.020572
v 1.209788 0.808355 -0.000000
v 1.204230 0.804641 0.020572
v 1.189680 0.794919 0.033287
v 1.171694 0.782901 0.033287
v 1.157143 0.773178 0.020572
v 1.151585 0.769465 -0.000000
v 1.157143 0.773178 -0.020572
v 1.171694 0.782901 -0.033287
v 1.189680 0.794919 -0.033287
v 1.204230 0.804641 -0.020572
v 1.283195 0.685882 -0.000000
v 1.277300 0.682731 0.020572
v 1.261867 0.674482 0.033287
v 1.242790 0.664285 0.033287
v 1.227356 0.656035 0.020572
v 1.221461 0.652884 -0.000000
v 1.227356 0.656035 -0.020572
v 1.242790 0.664285 -0.033287
v 1.261867 0.674482 -0.033287
v 1.277300 0.682731 -0.020572
v 1.344245 0.556804 -0.000000
v 1.338069 0.554246 0.020572
v 1.321901 0.547549 0.033287
v 1.301917 0.539272 0.033287
v 1.285749 0.532575 0.020572
v 1.279573 0.530017 -0.000000
v 1.285749 0.532575 -0.020572
v 1.301917 0.539272 -0.033287
v 1.321901 0.547549 -0.033287
v 1.338069 0.554246 -0.020572
v 1.392348 0.422364 -0.000000
v 1.385952 0.420424 0.020572
v 1.369205 0.415344 0.033287
v 1.348505 0.409065 0.033287
v 1.331759 0.403985 0.020572
v 1.325362 0.402044 -0.000000
v 1.331759 0.403985 -0.020572
v 1.348505 0.409065 -0.033287
v 1.369205 0.415344 -0.033287
v 1.385952 0.420424 -0.020572
v 1.427043 0.283856 -0.000000
v 1.420487 0.282552 0.020572
v 1.403323 0.279138 0.033287
v 1.382107 0.274918 0.033287
v 1.364944 0.271504 0.020572
v 1.358388 0.270200 -0.000000
v 1.364944 0.271504 -0.020572
v 1.382107 0.274918 -0.033287
v 1.403323 0.279138 -0.033287
v 1.420487 0.282552 -0.020572
v 1.447994 0.142615 -0.000000
v 1.441342 0.141960 0.020572
v 1.423926 0.140244 0.033287
v 1.402399 0.138124 0.033287
v 1.384983 0.136409 0.020572
v 1.378331 0.135754 -0.000000
v 1.384983 0.136409 -0.020572
v 1.402399 0.138124 -0.033287
v 1.423926 0.140244 -0.033287
v 1.441342 0.141960 -0.020572
v 0.685731 0.850651 0.000000
v 0.638868 0.850651 -0.096240
v 0.525731 0.850651 -0.136104
v 0.412594 0.850651 -0.096240
v 0.365731 0.850651 -0.000000
v 0.412594 0.850651 0.096240
v 0.525731 0.850651 0.136104
v 0.638868 0.850651 0.096240
v 0.920029 1.488639 0.000000
v -0.685731 0.850651 0.000000
v -0.638868 0.850651 0.096240
v -0.525731 0.850651 0.136104
v -0.412594 0.850651 0.096240
v -0.365731 0.850651 0.000000
v -0.412594 0.850651 -0.096240
v -0.525731 0.850651 -0.136104
v -0.638868 0.850651 -0.096240
v -0.920029 1.488639 0.000000
v 0.685731 -0.850651 0.000000
v 0.638868 -0.850651 0.096240
v 0.525731 -0.850651 0.136104
v 0.412594 -0.850651 0.096240
v 0.365731 -0.850651 0.000000
v 0.412594 -0.850651 -0.096240
v 0.525731 -0.850651 -0.136104
v 0.638868 -0.850651 -0.096240
v 0.920029 -1.488639 0.000000
v -0.685731 -0.850651 0.000000
v -0.638868 -0.850651 -0.096240
v -0.525731 -0.850651 -0.136104
v -0.412594 -0.850651 -0.096240
v -0.365731 -0.850651 -0.000000
v -0.412594 -0.850651 0.096240
v -0.525731 -0.850651 0.136104
v -0.638868 -0.850651 0.096240
v -0.920029 -1.488639 0.000000
v 0.000000 0.525731 0.850651
v 0.000000 0.525731 0.850651
v 0.000000 0.525731 0.850651
v 0.000000 0.525731 0.850651
v 0.000000 0.525731 0.850651
v 0.000000 0.525731 0.850651
v 0.000000 0.525731 0.850651
v 0.000000 0.525731 0.850651
v 0.000000 0.920029 1.488639
v 0.000000 -0.525731 0.850651
v 0.000000 -0.525731 0.850651
v 0.000000 -0.525731 0.850651
v 0.000000 -0.525731 0.850651
v 0.000000 -0.525731 0.850651
v 0.000000 -0.525731 0.850651
v 0.000000 -0.525731 0.850651
v 0.000000 -0.525731 0.850651
v 0.000000 -0.920029 1.488639
v 0.000000 0.525731 -0.850651
v 0.000000 0.525731 -0.850651
v 0.000000 0.525731 -0.850651
v 0.000000 0.525731 -0.850651
v 0.000000 0.525731 -0.850651
v 0.000000 0.525731 -0.850651
v 0.000000 0.525731 -0.850651
v 0.000000 0.525731 -0.850651
v 0.000000 0.920029 -1.488639
v 0.000000 -0.525731 -0.850651
v 0.000000 -0.525731 -0.850651
v 0.000000 -0.525731 -0.850651
v 0.000000 -0.525731 -0.850651
v 0.000000 -0.525731 -0.850651
v 0.000000 -0.525731 -0.850651
v 0.000000 -0.525731 -0.850651
v 0.000000 -0.525731 -0.850651
v 0.000000 -0.920029 -1.488639
v 1.010651 0.000000 0.525731
v 0.963788 0.059480 0.525731
v 0.850651 0.084117 0.525731
v 0.737514 0.059480 0.525731
v 0.690651 0.000000 0.525731
v 0.737514 -0.059480 0.525731
v 0.850651 -0.084117 0.525731
v 0.963788 -0.059480 0.525731
v 1.488639 0.000000 0.920029
v -1.010651 0.000000 0.525731
v -0.963788 -0.059480 0.525731
v -0.850651 -0.084117 0.525731
v -0.737514 -0.059480 0.525731
v -0.690651 -0.000000 0.525731
v -0.737514 0.059480 0.525731
v -0.850651 0.084117 0.525731
v -0.963788 0.059480 0.525731
v -1.488639 0.000000 0.920029
v 1.010651 0.000000 -0.525731
v 0.963788 -0.059480 -0.525731
v 0.850651 -0.084117 -0.525731
v 0.737514 -0.059480 -0.525731
v 0.690651 -0.000000 -0.525731
v 0.737514 0.059480 -0.525731
v 0.850651 0.084117 -0.525731
v 0.963788 0.059480 -0.525731
v 1.488639 0.000000 -0.920029
v -1.010651 0.000000 -0.525731
v -0.963788 0.059480 -0.525731
v -0.850651 0.084117 -0.525731
v -0.737514 0.059480 -0.525731
v -0.690651 0.000000 -0.525731
v -0.737514 -0.059480 -0.525731
v -0.850651 -0.084117 -0.525731
v -0.963788 -0.059480 -0.525731
v -1.488639 0.000000 -0.920029
v 1.402961 0.160000 0.810000
v 1.402961 0.160000 0.810000
v 1.402961 0.160000 0.810000
v 1.402961 0.160000 0.810000
v 1.402961 0.160000 0.810000
v 1.402961 0.160000 0.810000
v 1.402961 0.160000 0.810000
v 1.402961 0.160000 0.810000
v 1.402961 0.160000 0.810000
v 1.402961 0.160000 0.810000
v 1.402961 0.160000 0.810000
v 1.402961 0.160000 0.810000
v 1.402961 0.160000 0.810000
v 1.402961 0.160000 0.810000
v 1.452404 0.152169 0.810000
v 1.447508 0.152169 0.831452
v 1.433788 0.152169 0.848656
v 1.413963 0.152169 0.858203
v 1.391959 0.152169 0.858203
v 1.372134 0.152169 0.848656
v 1.358415 0.152169 0.831452
v 1.353518 0.152169 0.810000
v 1.358415 0.152169 0.788548
v 1.372134 0.152169 0.771344
v 1.391959 0.152169 0.761797
v 1.413963 0.152169 0.761797
v 1.433788 0.152169 0.771344
v 1.447508 0.152169 0.788548
v 1.497007 0.129443 0.810000
v 1.487693 0.129443 0.850805
v 1.461598 0.129443 0.883528
v 1.423888 0.129443 0.901688
v 1.382034 0.129443 0.901688
v 1.344325 0.129443 0.883528
v 1.318229 0.129443 0.850805
v 1.308916 0.129443 0.810000
v 1.318229 0.129443 0.769195
v 1.344325 0.129443 0.736472
v 1.382034 0.129443 0.718312
v 1.423888 0.129443 0.718312
v 1.461598 0.129443 0.736472
v 1.487693 0.129443 0.769195
v 1.532404 0.094046 0.810000
v 1.519585 0.094046 0.866163
v 1.483667 0.094046 0.911202
v 1.431765 0.094046 0.936197
v 1.374157 0.094046 0.936197
v 1.322255 0.094046 0.911202
v 1.286337 0.094046 0.866163
v 1.273518 0.094046 0.810000
v 1.286337 0.094046 0.753837
v 1.322255 0.094046 0.708798
v 1.374157 0.094046 0.683803
v 1.431765 0.094046 0.683803
v 1.483667 0.094046 0.708798
v 1.519585 0.094046 0.753837
v 1.555130 0.049443 0.810000
v 1.540061 0.049443 0.876024
v 1.497837 0.049443 0.928971
v 1.436822 0.049443 0.958354
v 1.369100 0.049443 0.958354
v 1.308085 0.049443 0.928971
v 1.265862 0.049443 0.876024
v 1.250792 0.049443 0.810000
v 1.265862 0.049443 0.743976
v 1.308085 0.049443 0.691029
v 1.369100 0.049443 0.661646
v 1.436822 0.049443 0.661646
v 1.497837 0.049443 0.691029
v 1.540061 0.049443 0.743976
v 1.562961 0.000000 0.810000
v 1.547116 0.000000 0.879421
v 1.502720 0.000000 0.935093
v 1.438565 0.000000 0.965988
v 1.367358 0.000000 0.965988
v 1.303203 0.000000 0.935093
v 1.258806 0.000000 0.879421
v 1.242961 0.000000 0.810000
v 1.258806 0.000000 0.740579
v 1.303203 0.000000 0.684907
v 1.367358 0.000000 0.654012
v 1.438565 0.000000 0.654012
v 1.502720 0.000000 0.684907
v 1.547116 0.000000 0.740579
v 1.555130 -0.049443 0.810000
v 1.540061 -0.049443 0.876024
v 1.497837 -0.049443 0.928971
v 1.436822 -0.049443 0.958354
v 1.369100 -0.049443 0.958354
v 1.308085 -0.049443 0.928971
v 1.265862 -0.049443 0.876024
v 1.250792 -0.049443 0.810000
v 1.265862 -0.049443 0.743976
v 1.308085 -0.049443 0.691029
v 1.369100 -0.049443 0.661646
v 1.436822 -0.049443 0.661646
v 1.497837 -0.049443 0.691029
v 1.540061 -0.049443 0.743976
v 1.532404 -0.094046 0.810000
v 1.519585 -0.094046 0.866163
v 1.483667 -0.094046 0.911202
v 1.431765 -0.094046 0.936197
v 1.374157 -0.094046 0.936197
v 1.322255 -0.094046 0.911202
v 1.286337 -0.094046 0.866163
v 1.273518 -0.094046 0.810000
v 1.286337 -0.094046 0.753837
v 1.322255 -0.094046 0.708798
v 1.374157 -0.094046 0.683803
v 1.431765 -0.094046 0.683803
v 1.483667 -0.094046 0.708798
v 1.519585 -0.094046 0.753837
v 1.497007 -0.129443 0.810000
v 1.487693 -0.129443 0.850805
v 1.461598 -0.129443 0.883528
v 1.423888 -0.129443 0.901688
v 1.382034 -0.129443 0.901688
v 1.344325 -0.129443 0.883528
v 1.318229 -0.129443 0.850805
v 1.308916 -0.129443 0.810000
v 1.318229 -0.129443 0.769195
v 1.344325 -0.129443 0.736472
v 1.382034 -0.129443 0.718312
v 1.423888 -0.129443 0.718312
v 1.461598 -0.129443 0.736472
v 1.487693 -0.129443 0.769195
v 1.452404 -0.152169 0.810000
v 1.447508 -0.152169 0.831452
v 1.433788 -0.152169 0.848656
v 1.413963 -0.152169 0.858203
v 1.391959 -0.152169 0.858203
v 1.372134 -0.152169 0.848656
v 1.358415 -0.152169 0.831452
v 1.353518 -0.152169 0.810000
v 1.358415 -0.152169 0.788548
v 1.372134 -0.152169 0.771344
v 1.391959 -0.152169 0.761797
v 1.413963 -0.152169 0.761797
v 1.433788 -0.152169 0.771344
v 1.447508 -0.152169 0.788548
v 1.402961 -0.160000 0.810000
v 1.402961 -0.160000 0.810000
v 1.402961 -0.160000 0.810000
v 1.402961 -0.160000 0.810000
v 1.402961 -0.160000 0.810000
v 1.402961 -0.160000 0.810000
v 1.402961 -0.160000 0.810000
v 1.402961 -0.160000 0.810000
v 1.402961 -0.160000 0.810000
v 1.402961 -0.160000 0.810000
v 1.402961 -0.160000 0.810000
v 1.402961 -0.160000 0.810000
v 1.402961 -0.160000 0.810000
v 1.402961 -0.160000 0.810000
v 0.000000 0.160000 1.620000
v 0.000000 0.160000 1.620000
v 0.000000 0.160000 1.620000
v 0.000000 0.160000 1.620000
v 0.000000 0.160000 1.620000
v 0.000000 0.160000 1.620000
v 0.000000 0.160000 1.620000
v 0.000000 0.160000 1.620000
v 0.000000 0.160000 1.620000
v 0.000000 0.160000 1.620000
v 0.000000 0.160000 1.620000
v 0.000000 0.160000 1.620000
v 0.000000 0.160000 1.620000
v 0.000000 0.160000 1.620000
v 0.049443 0.152169 1.620000
v 0.044546 0.152169 1.641452
v 0.030827 0.152169 1.658656
v 0.011002 0.152169 1.668203
v -0.011002 0.152169 1.668203
v -0.030827 0.152169 1.658656
v -0.044546 0.152169 1.641452
v -0.049443 0.152169 1.620000
v -0.044546 0.152169 1.598548
v -0.030827 0.152169 1.581344
v -0.011002 0.152169 1.571797
v 0.011002 0.152169 1.571797
v 0.030827 0.152169 1.581344
v 0.044546 0.152169 1.598548
v 0.094046 0.129443 1.620000
v 0.084732 0.129443 1.660805
v 0.058636 0.129443 1.693528
v 0.020927 0.129443 1.711688
v -0.020927 0.129443 1.711688
v -0.058636 0.129443 1.693528
v -0.084732 0.129443 1.660805
v -0.094046 0.129443 1.620000
v -0.084732 0.129443 1.579195
v -0.058636 0.129443 1.546472
v -0.020927 0.129443 1.528312
v 0.020927 0.129443 1.528312
v 0.058636 0.129443 1.546472
v 0.084732 0.129443 1.579195
v 0.129443 0.094046 1.620000
v 0.116624 0.094046 1.676163
v 0.080706 0.094046 1.721202
v 0.028804 0.094046 1.746197
v -0.028804 0.094046 1.746197
v -0.080706 0.094046 1.721202
v -0.116624 0.094046 1.676163
v -0.129443 0.094046 1.620000
v -0.116624 0.094046 1.563837
v -0.080706 0.094046 1.518798
v -0.028804 0.094046 1.493803
v 0.028804 0.094046 1.493803
v 0.080706 0.094046 1.518798
v 0.116624 0.094046 1.563837
v 0.152169 0.049443 1.620000
v 0.137100 0.049443 1.686024
v 0.094876 0.049443 1.738971
v 0.033861 0.049443 1.768354
v -0.033861 0.049443 1.768354
v -0.094876 0.049443 1.738971
v -0.137100 0.049443 1.686024
v -0.152169 0.049443 1.620000
v -0.137100 0.049443 1.553976
v -0.094876 0.049443 1.501029
v -0.033861 0.049443 1.471646
v 0.033861 0.049443 1.471646
v 0.094876 0.049443 1.501029
v 0.137100 0.049443 1.553976
v 0.160000 0.000000 1.620000
v 0.144155 0.000000 1.689421
v 0.099758 0.000000 1.745093
v 0.035603 0.000000 1.775988
v -0.035603 0.000000 1.775988
v -0.099758 0.000000 1.745093
v -0.144155 0.000000 1.689421
v -0.160000 0.000000 1.620000
v -0.144155 0.000000 1.550579
v -0.099758 0.000000 1.494907
v -0.035603 0.000000 1.464012
v 0.035603 0.000000 1.464012
v 0.099758 0.000000 1.494907
v 0.144155 0.000000 1.550579
v 0.152169 -0.049443 1.620000
v 0.137100 -0.049443 1.686024
v 0.094876 -0.049443 1.738971
v 0.033861 -0.049443 1.768354
v -0.033861 -0.049443 1.768354
v -0.094876 -0.049443 1.738971
v -0.137100 -0.049443 1.686024
v -0.152169 -0.049443 1.620000
v -0.137100 -0.049443 1.553976
v -0.094876 -0.049443 1.501029
v -0.033861 -0.049443 1.471646
v 0.033861 -0.049443 1.471646
v 0.094876 -0.049443 1.501029
v 0.137100 -0.049443 1.553976
v 0.129443 -0.094046 1.620000
v 0.116624 -0.094046 1.676163
v 0.080706 -0.094046 1.721202
v 0.028804 -0.094046 1.746197
v -0.028804 -0.094046 1.746197
v -0.080706 -0.094046 1.721202
v -0.116624 -0.094046 1.676163
v -0.129443 -0.094046 1.620000
v -0.116624 -0.094046 1.563837
v -0.080706 -0.094046 1.518798
v -0.028804 -0.094046 1.493803
v 0.028804 -0.094046 1.493803
v 0.080706 -0.094046 1.518798
v 0.116624 -0.094046 1.563837
v 0.094046 -0.129443 1.620000
v 0.084732 -0.129443 1.660805
v 0.058636 -0.129443 1.693528
v 0.020927 -0.129443 1.711688
v -0.020927 -0.129443 1.711688
v -0.058636 -0.129443 1.693528
v -0.084732 -0.129443 1.660805
v -0.094046 -0.129443 1.620000
v -0.084732 -0.129443 1.579195
v -0.058636 -0.129443 1.546472
v -0.020927 -0.129443 1.528312
v 0.020927 -0.129443 1.528312
v 0.058636 -0.129443 1.546472
v 0.084732 -0.129443 1.579195
v 0.049443 -0.152169 1.620000
v 0.044546 -0.152169 1.641452
v 0.030827 -0.152169 1.658656
v 0.011002 -0.152169 1.668203
v -0.011002 -0.152169 1.668203
v -0.030827 -0.152169 1.658656
v -0.044546 -0.152169 1.641452
v -0.049443 -0.152169 1.620000
v -0.044546 -0.152169 1.598548
v -0.030827 -0.152169 1.581344
v -0.011002 -0.152169 1.571797
v 0.011002 -0.152169 1.571797
v 0.030827 -0.152169 1.581344
v 0.044546 -0.152169 1.598548
v 0.000000 -0.160000 1.620000
v 0.000000 -0.160000 1.620000
v 0.000000 -0.160000 1.620000
v 0.000000 -0.160000 1.620000
v 0.000000 -0.160000 1.620000
v 0.000000 -0.160000 1.620000
v 0.000000 -0.160000 1.620000
v 0.000000 -0.160000 1.620000
v 0.000000 -0.160000 1.620000
v 0.000000 -0.160000 1.620000
v 0.000000 -0.160000 1.620000
v 0.000000 -0.160000 1.620000
v 0.000000 -0.160000 1.620000
v 0.000000 -0.160000 1.620000
v -1.402961 0.160000 0.810000
v -1.402961 0.160000 0.810000
v -1.402961 0.160000 0.810000
v -1.402961 0.160000 0.810000
v -1.402961 0.160000 0.810000
v -1.402961 0.160000 0.810000
v -1.402961 0.160000 0.810000
v -1.402961 0.160000 0.810000
v -1.402961 0.160000 0.810000
v -1.402961 0.160000 0.810000
v -1.402961 0.160000 0.810000
v -1.402961 0.160000 0.810000
v -1.402961 0.160000 0.810000
v -1.402961 0.160000 0.810000
v -1.353518 0.152169 0.810000
v -1.358415 0.152169 0.831452
v -1.372134 0.152169 0.848656
v -1.391959 0.152169 0.858203
v -1.413963 0.152169 0.858203
v -1.433788 0.152169 0.848656
v -1.447508 0.152169 0.831452
v -1.452404 0.152169 0.810000
v -1.447508 0.152169 0.788548
v -1.433788 0.152169 0.771344
v -1.413963 0.152169 0.761797
v -1.391959 0.152169 0.761797
v -1.372134 0.152169 0.771344
v -1.358415 0.152169 0.788548
v -1.308916 0.129443 0.810000
v -1.318229 0.129443 0.850805
v -1.344325 0.129443 0.883528
v -1.382034 0.129443 0.901688
v -1.423888 0.129443 0.901688
v -1.461598 0.129443 0.883528
v -1.487693 0.129443 0.850805
v -1.497007 0.129443 0.810000
v -1.487693 0.129443 0.769195
v -1.461598 0.129443 0.736472
v -1.423888 0.129443 0.718312
v -1.382034 0.129443 0.718312
v -1.344325 0.129443 0.736472
v -1.318229 0.129443 0.769195
v -1.273518 0.094046 0.810000
v -1.286337 0.094046 0.866163
v -1.322255 0.094046 0.911202
v -1.374157 0.094046 0.936197
v -1.431765 0.094046 0.936197
v -1.483667 0.094046 0.911202
v -1.519585 0.094046 0.866163
v -1.532404 0.094046 0.810000
v -1.519585 0.094046 0.753837
v -1.483667 0.094046 0.708798
v -1.431765 0.094046 0.683803
v -1.374157 0.094046 0.683803
v -1.322255 0.094046 0.708798
v -1.286337 0.094046 0.753837
v -1.250792 0.049443 0.810000
v -1.265862 0.049443 0.876024
v -1.308085 0.049443 0.928971
v -1.369100 0.049443 0.958354
v -1.436822 0.049443 0.958354
v -1.497837 0.049443 0.928971
v -1.540061 0.049443 0.876024
v -1.555130 0.049443 0.810000
v -1.540061 0.049443 0.743976
v -1.497837 0.049443 0.691029
v -1.436822 0.049443 0.661646
v -1.369100 0.049443 0.661646
v -1.308085 0.049443 0.691029
v -1.265862 0.049443 0.743976
v -1.242961 0.000000 0.810000
v -1.258806 0.000000 0.879421
v -1.303203 0.000000 0.935093
v -1.367358 0.000000 0.965988
v -1.438565 0.000000 0.965988
v -1.502720 0.000000 0.935093
v -1.547116 0.000000 0.879421
v -1.562961 0.000000 0.810000
v -1.547116 0.000000 0.740579
v -1.502720 0.000000 0.684907
v -1.438565 0.000000 0.654012
v -1.367358 0.000000 0.654012
v -1.303203 0.000000 0.684907
v -1.258806 0.000000 0.740579
v -1.250792 -0.049443 0.810000
v -1.265862 -0.049443 0.876024
v -1.308085 -0.049443 0.928971
v -1.369100 -0.049443 0.958354
v -1.436822 -0.049443 0.958354
v -1.497837 -0.049443 0.928971
v -1.540061 -0.049443 0.876024
v -1.555130 -0.049443 0.810000
v -1.540061 -0.049443 0.743976
v -1.497837 -0.049443 0.691029
v -1.436822 -0.049443 0.661646
v -1.369100 -0.049443 0.661646
v -1.308085 -0.049443 0.691029
v -1.265862 -0.049443 0.743976
v -1.273518 -0.094046 0.810000
v -1.286337 -0.094046 0.866163
v -1.322255 -0.094046 0.911202
v -1.374157 -0.094046 0.936197
v -1.431765 -0.094046 0.936197
v -1.483667 -0.094046 0.911202
v -1.519585 -0.094046 0.866163
v -1.532404 -0.094046 0.810000
v -1.519585 -0.094046 0.753837
v -1.483667 -0.094046 0.708798
v -1.431765 -0.094046 0.683803
v -1.374157 -0.094046 0.683803
v -1.322255 -0.094046 0.708798
v -1.286337 -0.094046 0.753837
v -1.308916 -0.129443 0.810000
v -1.318229 -0.129443 0.850805
v -1.344325 -0.129443 0.883528
v -1.382034 -0.129443 0.901688
v -1.423888 -0.129443 0.901688
v -1.461598 -0.129443 0.883528
v -1.487693 -0.129443 0.850805
v -1.497007 -0.129443 0.810000
v -1.487693 -0.129443 0.769195
v -1.461598 -0.129443 0.736472
v -1.423888 -0.129443 0.718312
v -1.382034 -0.129443 0.718312
v -1.344325 -0.129443 0.736472
v -1.318229 -0.129443 0.769195
v -1.353518 -0.152169 0.810000
v -1.358415 -0.152169 0.831452
v -1.372134 -0.152169 0.848656
v -1.391959 -0.152169 0.858203
v -1.413963 -0.152169 0.858203
v -1.433788 -0.152169 0.848656
v -1.447508 -0.152169 0.831452
v -1.452404 -0.152169 0.810000
v -1.447508 -0.152169 0.788548
v -1.433788 -0.152169 0.771344
v -1.413963 -0.152169 0.761797
v -1.391959 -0.152169 0.761797
v -1.372134 -0.152169 0.771344
v -1.358415 -0.152169 0.788548
v -1.402961 -0.160000 0.810000
v -1.402961 -0.160000 0.810000
v -1.402961 -0.160000 0.810000
v -1.402961 -0.160000 0.810000
v -1.402961 -0.160000 0.810000
v -1.402961 -0.160000 0.810000
v -1.402961 -0.160000 0.810000
v -1.402961 -0.160000 0.810000
v -1.402961 -0.160000 0.810000
v -1.402961 -0.160000 0.810000
v -1.402961 -0.160000 0.810000
v -1.402961 -0.160000 0.810000
v -1.402961 -0.160000 0.810000
v -1.402961 -0.160000 0.810000
v -1.402961 0.160000 -0.810000
v -1.402961 0.160000 -0.810000
v -1.402961 0.160000 -0.810000
v -1.402961 0.160000 -0.810000
v -1.402961 0.160000 -0.810000
v -1.402961 0.160000 -0.810000
v -1.402961 0.160000 -0.810000
v -1.402961 0.160000 -0.810000
v -1.402961 0.160000 -0.810000
v -1.402961 0.160000 -0.810000
v -1.402961 0.160000 -0.810000
v -1.402961 0.160000 -0.810000
v -1.402961 0.160000 -0.810000
v -1.402961 0.160000 -0.810000
v -1.353518 0.152169 -0.810000
v -1.358415 0.152169 -0.788548
v -1.372134 0.152169 -0.771344
v -1.391959 0.152169 -0.761797
v -1.413963 0.152169 -0.761797
v -1.433788 0.152169 -0.771344
v -1.447508 0.152169 -0.788548
v -1.452404 0.152169 -0.810000
v -1.447508 0.152169 -0.831452
v -1.433788 0.152169 -0.848656
v -1.413963 0.152169 -0.858203
v -1.391959 0.152169 -0.858203
v -1.372134 0.152169 -0.848656
v -1.358415 0.152169 -0.831452
v -1.308916 0.129443 -0.810000
v -1.318229 0.129443 -0.769195
v -1.344325 0.129443 -0.736472
v -1.382034 0.129443 -0.718312
v -1.423888 0.129443 -0.718312
v -1.461598 0.129443 -0.736472
v -1.487693 0.129443 -0.769195
v -1.497007 0.129443 -0.810000
v -1.487693 0.129443 -0.850805
v -1.461598 0.129443 -0.883528
v -1.423888 0.129443 -0.901688
v -1.382034 0.129443 -0.901688
v -1.344325 0.129443 -0.883528
v -1.318229 0.129443 -0.850805
v -1.273518 0.094046 -0.810000
v -1.286337 0.094046 -0.753837
v -1.322255 0.094046 -0.708798
v -1.374157 0.094046 -0.683803
v -1.431765 0.094046 -0.683803
v -1.483667 0.094046 -0.708798
v -1.519585 0.094046 -0.753837
v -1.532404 0.094046 -0.810000
v -1.519585 0.094046 -0.866163
v -1.483667 0.094046 -0.911202
v -1.431765 0.094046 -0.936197
v -1.374157 0.094046 -0.936197
v -1.322255 0.094046 -0.911202
v -1.286337 0.094046 -0.866163
v -1.250792 0.049443 -0.810000
v -1.265862 0.049443 -0.743976
v -1.308085 0.049443 -0.691029
v -1.369100 0.049443 -0.661646
v -1.436822 0.049443 -0.661646
v -1.497837 0.049443 -0.691029
v -1.540061 0.049443 -0.743976
v -1.555130 0.049443 -0.810000
v -1.540061 0.049443 -0.876024
v -1.497837 0.049443 -0.928971
v -1.436822 0.049443 -0.958354
v -1.369100 0.049443 -0.958354
v -1.308085 0.049443 -0.928971
v -1.265862 0.049443 -0.876024
v -1.242961 0.000000 -0.810000
v -1.258806 0.000000 -0.740579
v -1.303203 0.000000 -0.684907
v -1.367358 0.000000 -0.654012
v -1.438565 0.000000 -0.654012
v -1.502720 0.000000 -0.684907
v -1.547116 0.000000 -0.740579
v -1.562961 0.000000 -0.810000
v -1.547116 0.000000 -0.879421
v -1.502720 0.000000 -0.935093
v -1.438565 0.000000 -0.965988
v -1.367358 0.000000 -0.965988
v -1.303203 0.000000 -0.935093
v -1.258806 0.000000 -0.879421
v -1.250792 -0.049443 -0.810000
v -1.265862 -0.049443 -0.743976
v -1.308085 -0.049443 -0.691029
v -1.369100 -0.049443 -0.661646
v -1.436822 -0.049443 -0.661646
v -1.497837 -0.049443 -0.691029
v -1.540061 -0.049443 -0.743976
v -1.555130 -0.049443 -0.810000
v -1.540061 -0.049443 -0.876024
v -1.497837 -0.049443 -0.928971
v -1.436822 -0.049443 -0.958354
v -1.369100 -0.049443 -0.958354
v -1.308085 -0.049443 -0.928971
v -1.265862 -0.049443 -0.876024
v -1.273518 -0.094046 -0.810000
v -1.286337 -0.094046 -0.753837
v -1.322255 -0.094046 -0.708798
v -1.374157 -0.094046 -0.683803
v -1.431765 -0.094046 -0.683803
v -1.483667 -0.094046 -0.708798
v -1.519585 -0.094046 -0.753837
v -1.532404 -0.094046 -0.810000
v -1.519585 -0.094046 -0.866163
v -1.483667 -0.094046 -0.911202
v -1.431765 -0.094046 -0.936197
v -1.374157 -0.094046 -0.936197
v -1.322255 -0.094046 -0.911202
v -1.286337 -0.094046 -0.866163
v -1.308916 -0.129443 -0.810000
v -1.318229 -0.129443 -0.769195
v -1.344325 -0.129443 -0.736472
v -1.382034 -0.129443 -0.718312
v -1.423888 -0.129443 -0.718312
v -1.461598 -0.129443 -0.736472
v -1.487693 -0.129443 -0.769195
v -1.497007 -0.129443 -0.810000
v -1.487693 -0.129443 -0.850805
v -1.461598 -0.129443 -0.883528
v -1.423888 -0.129443 -0.901688
v -1.382034 -0.129443 -0.901688
v -1.344325 -0.129443 -0.883528
v -1.318229 -0.129443 -0.850805
v -1.353518 -0.152169 -0.810000
v -1.358415 -0.152169 -0.788548
v -1.372134 -0.152169 -0.771344
v -1.391959 -0.152169 -0.761797
v -1.413963 -0.152169 -0.761797
v -1.433788 -0.152169 -0.771344
v -1.447508 -0.152169 -0.788548
v -1.452404 -0.152169 -0.810000
v -1.447508 -0.152169 -0.831452
v -1.433788 -0.152169 -0.848656
v -1.413963 -0.152169 -0.858203
v -1.391959 -0.152169 -0.858203
v -1.372134 -0.152169 -0.848656
v -1.358415 -0.152169 -0.831452
v -1.402961 -0.160000 -0.810000
v -1.402961 -0.160000 -0.810000
v -1.402961 -0.160000 -0.810000
v -1.402961 -0.160000 -0.810000
v -1.402961 -0.160000 -0.810000
v -1.402961 -0.160000 -0.810000
v -1.402961 -0.160000 -0.810000
v -1.402961 -0.160000 -0.810000
v -1.402961 -0.160000 -0.810000
v -1.402961 -0.160000 -0.810000
v -1.402961 -0.160000 -0.810000
v -1.402961 -0.160000 -0.810000
v -1.402961 -0.160000 -0.810000
v -1.402961 -0.160000 -0.810000
v -0.000000 0.160000 -1.620000
v -0.000000 0.160000 -1.620000
v -0.000000 0.160000 -1.620000
v -0.000000 0.160000 -1.620000
v -0.000000 0.160000 -1.620000
v -0.000000 0.160000 -1.620000
v -0.000000 0.160000 -1.620000
v -0.000000 0.160000 -1.620000
v -0.000000 0.160000 -1.620000
v -0.000000 0.160000 -1.620000
v -0.000000 0.160000 -1.620000
v -0.000000 0.160000 -1.620000
v -0.000000 0.160000 -1.620000
v -0.000000 0.160000 -1.620000
v 0.049443 0.152169 -1.620000
v 0.044546 0.152169 -1.598548
v 0.030827 0.152169 -1.581344
v 0.011002 0.152169 -1.571797
v -0.011002 0.152169 -1.571797
v -0.030827 0.152169 -1.581344
v -0.044546 0.152169 -1.598548
v -0.049443 0.152169 -1.620000
v -0.044546 0.152169 -1.641452
v -0.030827 0.152169 -1.658656
v -0.011002 0.152169 -1.668203
v 0.011002 0.152169 -1.668203
v 0.030827 0.152169 -1.658656
v 0.044546 0.152169 -1.641452
v 0.094046 0.129443 -1.620000
v 0.084732 0.129443 -1.579195
v 0.058636 0.129443 -1.546472
v 0.020927 0.129443 -1.528312
v -0.020927 0.129443 -1.528312
v -0.058636 0.129443 -1.546472
v -0.084732 0.129443 -1.579195
v -0.094046 0.129443 -1.620000
v -0.084732 0.129443 -1.660805
v -0.058636 0.129443 -1.693528
v -0.020927 0.129443 -1.711688
v 0.020927 0.129443 -1.711688
v 0.058636 0.129443 -1.693528
v 0.084732 0.129443 -1.660805
v 0.129443 0.094046 -1.620000
v 0.116624 0.094046 -1.563837
v 0.080706 0.094046 -1.518798
v 0.028804 0.094046 -1.493803
v -0.028804 0.094046 -1.493803
v -0.080706 0.094046 -1.518798
v -0.116624 0.094046 -1.563837
v -0.129443 0.094046 -1.620000
v -0.116624 0.094046 -1.676163
v -0.080706 0.094046 -1.721202
v -0.028804 0.094046 -1.746197
v 0.028804 0.094046 -1.746197
v 0.080706 0.094046 -1.721202
v 0.116624 0.094046 -1.676163
v 0.152169 0.049443 -1.620000
v 0.137100 0.049443 -1.553976
v 0.094876 0.049443 -1.501029
v 0.033861 0.049443 -1.471646
v -0.033861 0.049443 -1.471646
v -0.094876 0.049443 -1.501029
v -0.137100 0.049443 -1.553976
v -0.152169 0.049443 -1.620000
v -0.137100 0.049443 -1.686024
v -0.094876 0.049443 -1.738971
v -0.033861 0.049443 -1.768354
v 0.033861 0.049443 -1.768354
v 0.094876 0.049443 -1.738971
v 0.137100 0.049443 -1.686024
v 0.160000 0.000000 -1.620000
v 0.144155 0.000000 -1.550579
v 0.099758 0.000000 -1.494907
v 0.035603 0.000000 -1.464012
v -0.035603 0.000000 -1.464012
v -0.099758 0.000000 -1.494907
v -0.144155 0.000000 -1.550579
v -0.160000 0.000000 -1.620000
v -0.144155 0.000000 -1.689421
v -0.099758 0.000000 -1.745093
v -0.035603 0.000000 -1.775988
v 0.035603 0.000000 -1.775988
v 0.099758 0.000000 -1.745093
v 0.144155 0.000000 -1.689421
v 0.152169 -0.049443 -1.620000
v 0.137100 -0.049443 -1.553976
v 0.094876 -0.049443 -1.501029
v 0.033861 -0.049443 -1.471646
v -0.033861 -0.049443 -1.471646
v -0.094876 -0.049443 -1.501029
v -0.137100 -0.049443 -1.553976
v -0.152169 -0.049443 -1.620000
v -0.137100 -0.049443 -1.686024
v -0.094876 -0.049443 -1.738971
v -0.033861 -0.049443 -1.768354
v 0.033861 -0.049443 -1.768354
v 0.094876 -0.049443 -1.738971
v 0.137100 -0.049443 -1.686024
v 0.129443 -0.094046 -1.620000
v 0.116624 -0.094046 -1.563837
v 0.080706 -0.094046 -1.518798
v 0.028804 -0.094046 -1.493803
v -0.028804 -0.094046 -1.493803
v -0.080706 -0.094046 -1.518798
v -0.116624 -0.094046 -1.563837
v -0.129443 -0.094046 -1.620000
v -0.116624 -0.094046 -1.676163
v -0.080706 -0.094046 -1.721202
v -0.028804 -0.094046 -1.746197
v 0.028804 -0.094046 -1.746197
v 0.080706 -0.094046 -1.721202
v 0.116624 -0.094046 -1.676163
v 0.094046 -0.129443 -1.620000
v 0.084732 -0.129443 -1.579195
v 0.058636 -0.129443 -1.546472
v 0.020927 -0.129443 -1.528312
v -0.020927 -0.129443 -1.528312
v -0.058636 -0.129443 -1.546472
v -0.084732 -0.129443 -1.579195
v -0.094046 -0.129443 -1.620000
v -0.084732 -0.129443 -1.660805
v -0.058636 -0.129443 -1.693528
v -0.020927 -0.129443 -1.711688
v 0.020927 -0.129443 -1.711688
v 0.058636 -0.129443 -1.693528
v 0.084732 -0.129443 -1.660805
v 0.049443 -0.152169 -1.620000
v 0.044546 -0.152169 -1.598548
v 0.030827 -0.152169 -1.581344
v 0.011002 -0.152169 -1.571797
v -0.011002 -0.152169 -1.571797
v -0.030827 -0.152169 -1.581344
v -0.044546 -0.152169 -1.598548
v -0.049443 -0.152169 -1.620000
v -0.044546 -0.152169 -1.641452
v -0.030827 -0.152169 -1.658656
v -0.011002 -0.152169 -1.668203
v 0.011002 -0.152169 -1.668203
v 0.030827 -0.152169 -1.658656
v 0.044546 -0.152169 -1.641452
v -0.000000 -0.160000 -1.620000
v -0.000000 -0.160000 -1.620000
v -0.000000 -0.160000 -1.620000
v -0.000000 -0.160000 -1.620000
v -0.000000 -0.160000 -1.620000
v -0.000000 -0.160000 -1.620000
v -0.000000 -0.160000 -1.620000
v -0.000000 -0.160000 -1.620000
v -0.000000 -0.160000 -1.620000
v -0.000000 -0.160000 -1.620000
v -0.000000 -0.160000 -1.620000
v -0.000000 -0.160000 -1.620000
v -0.000000 -0.160000 -1.620000
v -0.000000 -0.160000 -1.620000
v 1.402961 0.160000 -0.810000
v 1.402961 0.160000 -0.810000
v 1.402961 0.160000 -0.810000
v 1.402961 0.160000 -0.810000
v 1.402961 0.160000 -0.810000
v 1.402961 0.160000 -0.810000
v 1.402961 0.160000 -0.810000
v 1.402961 0.160000 -0.810000
v 1.402961 0.160000 -0.810000
v 1.402961 0.160000 -0.810000
v 1.402961 0.160000 -0.810000
v 1.402961 0.160000 -0.810000
v 1.402961 0.160000 -0.810000
v 1.402961 0.160000 -0.810000
v 1.452404 0.152169 -0.810000
v 1.447508 0.152169 -0.788548
v 1.433788 0.152169 -0.771344
v 1.413963 0.152169 -0.761797
v 1.391959 0.152169 -0.761797
v 1.372134 0.152169 -0.771344
v 1.358415 0.152169 -0.788548
v 1.353518 0.152169 -0.810000
v 1.358415 0.152169 -0.831452
v 1.372134 0.152169 -0.848656
v 1.391959 0.152169 -0.858203
v 1.413963 0.152169 -0.858203
v 1.433788 0.152169 -0.848656
v 1.447508 0.152169 -0.831452
v 1.497007 0.129443 -0.810000
v 1.487693 0.129443 -0.769195
v 1.461598 0.129443 -0.736472
v 1.423888 0.129443 -0.718312
v 1.382034 0.129443 -0.718312
v 1.344325 0.129443 -0.736472
v 1.318229 0.129443 -0.769195
v 1.308916 0.129443 -0.810000
v 1.318229 0.129443 -0.850805
v 1.344325 0.129443 -0.883528
v 1.382034 0.129443 -0.901688
v 1.423888 0.129443 -0.901688
v 1.461598 0.129443 -0.883528
v 1.487693 0.129443 -0.850805
v 1.532404 0.094046 -0.810000
v 1.519585 0.094046 -0.753837
v 1.483667 0.094046 -0.708798
v 1.431765 0.094046 -0.683803
v 1.374157 0.094046 -0.683803
v 1.322255 0.094046 -0.708798
v 1.286337 0.094046 -0.753837
v 1.273518 0.094046 -0.810000
v 1.286337 0.094046 -0.866163
v 1.322255 0.094046 -0.911202
v 1.374157 0.094046 -0.936197
v 1.431765 0.094046 -0.936197
v 1.483667 0.094046 -0.911202
v 1.519585 0.094046 -0.866163
v 1.555130 0.049443 -0.810000
v 1.540061 0.049443 -0.743976
v 1.497837 0.049443 -0.691029
v 1.436822 0.049443 -0.661646
v 1.369100 0.049443 -0.661646
v 1.308085 0.049443 -0.691029
v 1.265862 0.049443 -0.743976
v 1.250792 0.049443 -0.810000
v 1.265862 0.049443 -0.876024
v 1.308085 0.049443 -0.928971
v 1.369100 0.049443 -0.958354
v 1.436822 0.049443 -0.958354
v 1.497837 0.049443 -0.928971
v 1.540061 0.049443 -0.876024
v 1.562961 0.000000 -0.810000
v 1.547116 0.000000 -0.740579
v 1.502720 0.000000 -0.684907
v 1.438565 0.000000 -0.654012
v 1.367358 0.000000 -0.654012
v 1.303203 0.000000 -0.684907
v 1.258806 0.000000 -0.740579
v 1.242961 0.000000 -0.810000
v 1.258806 0.000000 -0.879421
v 1.303203 0.000000 -0.935093
v 1.367358 0.000000 -0.965988
v 1.438565 0.000000 -0.965988
v 1.502720 0.000000 -0.935093
v 1.547116 0.000000 -0.879421
v 1.555130 -0.049443 -0.810000
v 1.540061 -0.049443 -0.743976
v 1.497837 -0.049443 -0.691029
v 1.436822 -0.049443 -0.661646
v 1.369100 -0.049443 -0.661646
v 1.308085 -0.049443 -0.691029
v 1.265862 -0.049443 -0.743976
v 1.250792 -0.049443 -0.810000
v 1.265862 -0.049443 -0.876024
v 1.308085 -0.049443 -0.928971
v 1.369100 -0.049443 -0.958354
v 1.436822 -0.049443 -0.958354
v 1.497837 -0.049443 -0.928971
v 1.540061 -0.049443 -0.876024
v 1.532404 -0.094046 -0.810000
v 1.519585 -0.094046 -0.753837
v 1.483667 -0.094046 -0.708798
v 1.431765 -0.094046 -0.683803
v 1.374157 -0.094046 -0.683803
v 1.322255 -0.094046 -0.708798
v 1.286337 -0.094046 -0.753837
v 1.273518 -0.094046 -0.810000
v 1.286337 -0.094046 -0.866163
v 1.322255 -0.094046 -0.911202
v 1.374157 -0.094046 -0.936197
v 1.431765 -0.094046 -0.936197
v 1.483667 -0.094046 -0.911202
v 1.519585 -0.094046 -0.866163
v 1.497007 -0.129443 -0.810000
v 1.487693 -0.129443 -0.769195
v 1.461598 -0.129443 -0.736472
v 1.423888 -0.129443 -0.718312
v 1.382034 -0.129443 -0.718312
v 1.344325 -0.129443 -0.736472
v 1.318229 -0.129443 -0.769195
v 1.308916 -0.129443 -0.810000
v 1.318229 -0.129443 -0.850805
v 1.344325 -0.129443 -0.883528
v 1.382034 -0.129443 -0.901688
v 1.423888 -0.129443 -0.901688
v 1.461598 -0.129443 -0.883528
v 1.487693 -0.129443 -0.850805
v 1.452404 -0.152169 -0.810000
v 1.447508 -0.152169 -0.788548
v 1.433788 -0.152169 -0.771344
v 1.413963 -0.152169 -0.761797
v 1.391959 -0.152169 -0.761797
v 1.372134 -0.152169 -0.771344
v 1.358415 -0.152169 -0.788548
v 1.353518 -0.152169 -0.810000
v 1.358415 -0.152169 -0.831452
v 1.372134 -0.152169 -0.848656
v 1.391959 -0.152169 -0.858203
v 1.413963 -0.152169 -0.858203
v 1.433788 -0.152169 -0.848656
v 1.447508 -0.152169 -0.831452
v 1.402961 -0.160000 -0.810000
v 1.402961 -0.160000 -0.810000
v 1.402961 -0.160000 -0.810000
v 1.402961 -0.160000 -0.810000
v 1.402961 -0.160000 -0.810000
v 1.402961 -0.160000 -0.810000
v 1.402961 -0.160000 -0.810000
v 1.402961 -0.160000 -0.810000
v 1.402961 -0.160000 -0.810000
v 1.402961 -0.160000 -0.810000
v 1.402961 -0.160000 -0.810000
v 1.402961 -0.160000 -0.810000
v 1.402961 -0.160000 -0.810000
v 1.402961 -0.160000 -0.810000
v 1.542450 0.056210 -0.560225
v 1.538503 0.068933 -0.557501
v 1.528170 0.076508 -0.552950
v 1.515398 0.076043 -0.548311
v 1.505064 0.067714 -0.545356
v 1.501118 0.054704 -0.545213
v 1.505064 0.041981 -0.547938
v 1.515398 0.034405 -0.552489
v 1.528170 0.034871 -0.557128
v 1.538503 0.043200 -0.560083
v 1.590210 0.040846 -0.407096
v 1.586141 0.053608 -0.404764
v 1.575488 0.061286 -0.401239
v 1.562320 0.060948 -0.397868
v 1.551667 0.052723 -0.395938
v 1.547598 0.039751 -0.396188
v 1.551667 0.026989 -0.398520
v 1.562320 0.019311 -0.402045
v 1.575488 0.019649 -0.405416
v 1.586141 0.027875 -0.407346
v 1.622656 0.025088 -0.250047
v 1.618503 0.037891 -0.248116
v 1.607633 0.045675 -0.245643
v 1.594196 0.045467 -0.243573
v 1.583326 0.037347 -0.242695
v 1.579174 0.024416 -0.243347
v 1.583326 0.011614 -0.245277
v 1.594196 0.003830 -0.247750
v 1.607633 0.004037 -0.249821
v 1.618503 0.012158 -0.250698
v 1.639474 0.009089 -0.090590
v 1.635279 0.021933 -0.089067
v 1.624296 0.029824 -0.087662
v 1.610720 0.029749 -0.086912
v 1.599737 0.021736 -0.087103
v 1.595542 0.008846 -0.088162
v 1.599737 -0.003998 -0.089685
v 1.610720 -0.011889 -0.091090
v 1.624296 -0.011814 -0.091840
v 1.635279 -0.003801 -0.091649
v 1.640503 -0.006997 0.069740
v 1.636306 0.005887 0.070853
v 1.625316 0.013886 0.071184
v 1.611731 0.013944 0.070606
v 1.600741 0.006039 0.069341
v 1.596543 -0.006810 0.067872
v 1.600741 -0.019694 0.066759
v 1.611731 -0.027693 0.066428
v 1.625316 -0.027751 0.067006
v 1.636306 -0.019846 0.068271
v 1.625734 -0.023017 0.229399
v 1.621574 -0.010091 0.230103
v 1.610683 -0.001985 0.229364
v 1.597221 -0.001794 0.227464
v 1.586330 -0.009592 0.225130
v 1.582170 -0.022400 0.223252
v 1.586330 -0.035325 0.222548
v 1.597221 -0.043432 0.223287
v 1.610683 -0.043622 0.225186
v 1.621574 -0.035824 0.227521
v 1.595308 -0.038814 0.386848
v 1.591225 -0.025848 0.387149
v 1.580538 -0.017636 0.385355
v 1.567328 -0.017315 0.382152
v 1.556641 -0.025007 0.378762
v 1.552559 -0.037774 0.376482
v 1.556641 -0.050740 0.376181
v 1.567328 -0.058952 0.377974
v 1.580538 -0.059274 0.381178
v 1.591225 -0.051582 0.384567
v 1.549518 -0.054238 0.540571
v 1.545553 -0.041233 0.540479
v 1.535172 -0.032917 0.537656
v 1.522341 -0.032468 0.533179
v 1.511961 -0.040057 0.528760
v 1.507996 -0.052785 0.526086
v 1.511961 -0.065790 0.526178
v 1.522341 -0.074106 0.529002
v 1.535172 -0.074555 0.533478
v 1.545553 -0.066966 0.537897
v 1.488805 -0.069140 0.689089
v 1.484995 -0.056096 0.688617
v 1.475022 -0.047681 0.684798
v 1.462693 -0.047108 0.679092
v 1.452720 -0.054597 0.673678
v 1.448910 -0.067287 0.670624
v 1.452720 -0.080330 0.671096
v 1.462693 -0.088746 0.674914
v 1.475022 -0.089318 0.680620
v 1.484995 -0.081829 0.686035
v 1.413754 -0.083375 0.830970
v 1.410137 -0.070295 0.830135
v 1.400666 -0.061785 0.825366
v 1.388959 -0.061094 0.818485
v 1.379488 -0.068488 0.812120
v 1.375871 -0.081141 0.808703
v 1.379488 -0.094221 0.809538
v 1.388959 -0.102732 0.814307
v 1.400666 -0.103422 0.821188
v 1.410137 -0.096028 0.827553
v 1.325088 -0.096808 0.964849
v 1.321698 -0.083693 0.963671
v 1.312821 -0.075093 0.958005
v 1.301848 -0.074291 0.950015
v 1.292971 -0.081595 0.942754
v 1.289581 -0.094214 0.938994
v 1.292971 -0.107328 0.940172
v 1.301848 -0.115929 0.945838
v 1.312821 -0.116730 0.953827
v 1.321698 -0.109427 0.961089
v 1.223661 -0.109308 1.089435
v 1.220530 -0.096162 1.087938
v 1.212333 -0.087477 1.081438
v 1.202200 -0.086572 1.072417
v 1.194002 -0.093792 1.064321
v 1.190871 -0.106379 1.060242
v 1.194002 -0.119525 1.061739
v 1.202200 -0.128210 1.068239
v 1.212333 -0.129115 1.077260
v 1.220530 -0.121895 1.085356
v 1.110450 -0.120756 1.203530
v 1.107608 -0.107580 1.201741
v 1.100169 -0.098819 1.194476
v 1.090974 -0.097819 1.184510
v 1.083535 -0.104962 1.175650
v 1.080693 -0.117520 1.171279
v 1.083535 -0.130696 1.173068
v 1.090974 -0.139457 1.180333
v 1.100169 -0.140457 1.190299
v 1.107608 -0.133313 1.199159
v 0.986544 -0.131040 1.306034
v 0.984019 -0.117838 1.303983
v 0.977410 -0.109009 1.296031
v 0.969241 -0.107923 1.285217
v 0.962632 -0.114998 1.275669
v 0.960108 -0.127529 1.271037
v 0.962632 -0.140731 1.273087
v 0.969241 -0.149561 1.281039
v 0.977410 -0.150646 1.291854
v 0.984019 -0.143572 1.301401
v 0.853137 -0.140063 1.395960
v 0.850954 -0.126838 1.393679
v 0.845238 -0.117948 1.385125
v 0.838174 -0.116788 1.373566
v 0.832459 -0.123802 1.363416
v 0.830275 -0.136310 1.358553
v 0.832459 -0.149535 1.360834
v 0.838174 -0.158425 1.369388
v 0.845238 -0.159585 1.380947
v 0.850954 -0.152571 1.391097
v 0.711514 -0.147737 1.472442
v 0.709693 -0.134492 1.469965
v 0.704926 -0.125551 1.460899
v 0.699035 -0.124327 1.448707
v 0.694268 -0.131290 1.438045
v 0.692447 -0.143778 1.432986
v 0.694268 -0.157023 1.435463
v 0.699035 -0.165965 1.444529
v 0.704926 -0.167188 1.456722
v 0.709693 -0.160226 1.467384
v 0.563038 -0.153988 1.534744
v 0.561597 -0.140727 1.532108
v 0.557826 -0.131744 1.522624
v 0.553163 -0.130469 1.509916
v 0.549391 -0.137389 1.498836
v 0.547951 -0.149862 1.493618
v 0.549391 -0.163122 1.496254
v 0.553163 -0.172106 1.505738
v 0.557826 -0.173381 1.518447
v 0.561597 -0.166461 1.529526
v 0.409140 -0.158756 1.582266
v 0.408094 -0.145483 1.579508
v 0.405353 -0.136468 1.569706
v 0.401965 -0.135153 1.556604
v 0.399224 -0.142042 1.545206
v 0.398177 -0.154502 1.539866
v 0.399224 -0.167775 1.542624
v 0.401965 -0.176790 1.552426
v 0.405353 -0.178105 1.565528
v 0.408094 -0.171217 1.576926
v 0.251303 -0.161995 1.614549
v 0.250659 -0.148714 1.611709
v 0.248976 -0.139677 1.601690
v 0.246895 -0.138335 1.588321
v 0.245212 -0.145202 1.576707
v 0.244568 -0.157654 1.571285
v 0.245212 -0.170936 1.574125
v 0.246895 -0.179973 1.584143
v 0.248976 -0.181314 1.597513
v 0.250659 -0.174447 1.609127
v 0.091044 -0.163674 1.631283
v 0.090811 -0.150389 1.628400
v 0.090201 -0.141340 1.618270
v 0.089448 -0.139985 1.604762
v 0.088838 -0.146841 1.593036
v 0.088605 -0.159288 1.587571
v 0.088838 -0.172574 1.590454
v 0.089448 -0.181622 1.600584
v 0.090201 -0.182978 1.614092
v 0.090811 -0.176122 1.625818
v -0.070091 -0.163777 1.632308
v -0.069911 -0.150491 1.629422
v -0.069442 -0.141442 1.619285
v -0.068861 -0.140086 1.605768
v -0.068392 -0.146941 1.594035
v -0.068212 -0.159388 1.588567
v -0.068392 -0.172674 1.591453
v -0.068861 -0.181723 1.601590
v -0.069442 -0.183080 1.615107
v -0.069911 -0.176225 1.626840
v -0.230551 -0.162303 1.617612
v -0.229961 -0.149021 1.614764
v -0.228416 -0.139981 1.604725
v -0.226507 -0.138637 1.591330
v -0.224963 -0.145502 1.579696
v -0.224373 -0.157953 1.574265
v -0.224963 -0.171235 1.577114
v -0.226507 -0.180275 1.587152
v -0.228416 -0.181619 1.600547
v -0.229961 -0.174754 1.612182
v -0.388790 -0.159265 1.587338
v -0.387795 -0.145991 1.584567
v -0.385191 -0.136972 1.574731
v -0.381971 -0.135653 1.561587
v -0.379367 -0.142538 1.550155
v -0.378372 -0.154997 1.544802
v -0.379367 -0.168271 1.547573
v -0.381971 -0.177290 1.557409
v -0.385191 -0.178609 1.570553
v -0.387795 -0.171724 1.581985
v -0.543286 -0.154694 1.541776
v -0.541895 -0.141431 1.539122
v -0.538256 -0.132443 1.529592
v -0.533757 -0.131162 1.516825
v -0.530117 -0.138078 1.505698
v -0.528727 -0.150548 1.500462
v -0.530117 -0.163811 1.503116
v -0.533757 -0.172799 1.512647
v -0.538256 -0.174080 1.525414
v -0.541895 -0.167164 1.536540
v -0.692549 -0.148632 1.481367
v -0.690777 -0.135385 1.478868
v -0.686137 -0.126438 1.469742
v -0.680402 -0.125207 1.457475
v -0.675763 -0.132163 1.446753
v -0.673991 -0.144650 1.441672
v -0.675763 -0.157897 1.444171
v -0.680402 -0.166844 1.453297
v -0.686137 -0.168075 1.465564
v -0.690777 -0.161119 1.476286
v -0.835142 -0.141140 1.406691
v -0.833005 -0.127912 1.404383
v -0.827411 -0.119015 1.395757
v -0.820495 -0.117846 1.384109
v -0.814900 -0.124852 1.373887
v -0.812763 -0.137358 1.368997
v -0.814900 -0.150586 1.371305
v -0.820495 -0.159483 1.379931
v -0.827411 -0.160652 1.391579
v -0.833005 -0.153645 1.401801
v -0.969693 -0.132288 1.318469
v -0.967212 -0.119083 1.316386
v -0.960716 -0.110245 1.308351
v -0.952686 -0.109149 1.297433
v -0.946190 -0.116215 1.287803
v -0.943709 -0.128743 1.283138
v -0.946190 -0.141948 1.285221
v -0.952686 -0.150787 1.293256
v -0.960716 -0.151882 1.304173
v -0.967212 -0.144816 1.313804
v -1.094905 -0.122162 1.217548
v -1.092103 -0.108983 1.215724
v -1.084768 -0.100213 1.208365
v -1.075702 -0.099201 1.198283
v -1.068367 -0.106335 1.189328
v -1.065565 -0.118889 1.184922
v -1.068367 -0.132068 1.186746
v -1.075702 -0.140838 1.194105
v -1.084768 -0.141850 1.204187
v -1.092103 -0.134716 1.213142
v -1.209573 -0.110860 1.104902
v -1.206477 -0.097710 1.103366
v -1.198374 -0.089015 1.096762
v -1.188358 -0.088097 1.087612
v -1.180255 -0.095306 1.079413
v -1.177160 -0.107889 1.075294
v -1.180255 -0.121040 1.076831
v -1.188358 -0.129734 1.083435
v -1.198374 -0.130652 1.092584
v -1.206477 -0.123443 1.100784
v -1.312591 -0.098490 0.981615
v -1.309233 -0.085371 0.980394
v -1.300439 -0.076759 0.974616
v -1.289570 -0.075944 0.966488
v -1.280777 -0.083236 0.959114
v -1.277418 -0.095851 0.955311
v -1.280777 -0.108970 0.956532
v -1.289570 -0.117581 0.962310
v -1.300439 -0.118397 0.970438
v -1.309233 -0.111105 0.977812
v -1.402969 -0.085172 0.848875
v -1.399379 -0.072087 0.847993
v -1.389980 -0.063564 0.843104
v -1.378363 -0.062859 0.836075
v -1.368964 -0.070241 0.829591
v -1.365374 -0.082889 0.826128
v -1.368964 -0.095974 0.827009
v -1.378363 -0.104496 0.831898
v -1.389980 -0.105202 0.838927
v -1.399379 -0.097820 0.845411
v -1.479835 -0.071033 0.707959
v -1.476049 -0.057984 0.707438
v -1.466135 -0.049556 0.703494
v -1.453881 -0.048968 0.697631
v -1.443967 -0.056444 0.692091
v -1.440181 -0.069129 0.688988
v -1.443967 -0.082178 0.689509
v -1.453881 -0.090606 0.693454
v -1.466135 -0.091194 0.699316
v -1.476049 -0.083718 0.704856
v -1.542450 -0.056210 0.560225
v -1.538503 -0.043200 0.560083
v -1.528170 -0.034871 0.557128
v -1.515398 -0.034405 0.552489
v -1.505064 -0.041981 0.547938
v -1.501118 -0.054704 0.545213
v -1.505064 -0.067714 0.545356
v -1.515398 -0.076043 0.548311
v -1.528170 -0.076508 0.552950
v -1.538503 -0.068933 0.557501
v -1.590210 -0.040846 0.407096
v -1.586141 -0.027875 0.407346
v -1.575488 -0.019649 0.405416
v -1.562320 -0.019311 0.402045
v -1.551667 -0.026989 0.398520
v -1.547598 -0.039751 0.396188
v -1.551667 -0.052723 0.395938
v -1.562320 -0.060948 0.397868
v -1.575488 -0.061286 0.401239
v -1.586141 -0.053608 0.404764
v -1.622656 -0.025088 0.250047
v -1.618503 -0.012158 0.250698
v -1.607633 -0.004037 0.249821
v -1.594196 -0.003830 0.247750
v -1.583326 -0.011614 0.245277
v -1.579174 -0.024416 0.243347
v -1.583326 -0.037347 0.242695
v -1.594196 -0.045467 0.243573
v -1.607633 -0.045675 0.245643
v -1.618503 -0.037891 0.248116
v -1.639474 -0.009089 0.090590
v -1.635279 0.003801 0.091649
v -1.624296 0.011814 0.091840
v -1.610720 0.011889 0.091090
v -1.599737 0.003998 0.089685
v -1.595542 -0.008846 0.088162
v -1.599737 -0.021736 0.087103
v -1.610720 -0.029749 0.086912
v -1.624296 -0.029824 0.087662
v -1.635279 -0.021933 0.089067
v -1.640503 0.006997 -0.069740
v -1.636306 0.019846 -0.068271
v -1.625316 0.027751 -0.067006
v -1.611731 0.027693 -0.066428
v -1.600741 0.019694 -0.066759
v -1.596543 0.006810 -0.067872
v -1.600741 -0.006039 -0.069341
v -1.611731 -0.013944 -0.070606
v -1.625316 -0.013886 -0.071184
v -1.636306 -0.005887 -0.070853
v -1.625734 0.023017 -0.229399
v -1.621574 0.035824 -0.227521
v -1.610683 0.043622 -0.225186
v -1.597221 0.043432 -0.223287
v -1.586330 0.035325 -0.222548
v -1.582170 0.022400 -0.223252
v -1.586330 0.009592 -0.225130
v -1.597221 0.001794 -0.227464
v -1.610683 0.001985 -0.229364
v -1.621574 0.010091 -0.230103
v -1.595308 0.038814 -0.386848
v -1.591225 0.051582 -0.384567
v -1.580538 0.059274 -0.381178
v -1.567328 0.058952 -0.377974
v -1.556641 0.050740 -0.376181
v -1.552559 0.037774 -0.376482
v -1.556641 0.025007 -0.378762
v -1.567328 0.017315 -0.382152
v -1.580538 0.017636 -0.385355
v -1.591225 0.025848 -0.387149
v -1.549518 0.054238 -0.540571
v -1.545553 0.066966 -0.537897
v -1.535172 0.074555 -0.533478
v -1.522341 0.074106 -0.529002
v -1.511961 0.065790 -0.526178
v -1.507996 0.052785 -0.526086
v -1.511961 0.040057 -0.528760
v -1.522341 0.032468 -0.533179
v -1.535172 0.032917 -0.537656
v -1.545553 0.041233 -0.540479
v -1.488805 0.069140 -0.689089
v -1.484995 0.081829 -0.686035
v -1.475022 0.089318 -0.680620
v -1.462693 0.088746 -0.674914
v -1.452720 0.080330 -0.671096
v -1.448910 0.067287 -0.670624
v -1.452720 0.054597 -0.673678
v -1.462693 0.047108 -0.679092
v -1.475022 0.047681 -0.684798
v -1.484995 0.056096 -0.688617
v -1.413754 0.083375 -0.830970
v -1.410137 0.096028 -0.827553
v -1.400666 0.103422 -0.821188
v -1.388959 0.102732 -0.814307
v -1.379488 0.094221 -0.809538
v -1.375871 0.081141 -0.808703
v -1.379488 0.068488 -0.812120
v -1.388959 0.061094 -0.818485
v -1.400666 0.061785 -0.825366
v -1.410137 0.070295 -0.830135
v -1.325088 0.096808 -0.964849
v -1.321698 0.109427 -0.961089
v -1.312821 0.116730 -0.953827
v -1.301848 0.115929 -0.945838
v -1.292971 0.107328 -0.940172
v -1.289581 0.094214 -0.938994
v -1.292971 0.081595 -0.942754
v -1.301848 0.074291 -0.950015
v -1.312821 0.075093 -0.958005
v -1.321698 0.083693 -0.963671
v -1.223661 0.109308 -1.089435
v -1.220530 0.121895 -1.085356
v -1.212333 0.129115 -1.077260
v -1.202200 0.128210 -1.068239
v -1.194002 0.119525 -1.061739
v -1.190871 0.106379 -1.060242
v -1.194002 0.093792 -1.064321
v -1.202200 0.086572 -1.072417
v -1.212333 0.087477 -1.081438
v -1.220530 0.096162 -1.087938
v -1.110450 0.120756 -1.203530
v -1.107608 0.133313 -1.199159
v -1.100169 0.140457 -1.190299
v -1.090974 0.139457 -1.180333
v -1.083535 0.130696 -1.173068
v -1.080693 0.117520 -1.171279
v -1.083535 0.104962 -1.175650
v -1.090974 0.097819 -1.184510
v -1.100169 0.098819 -1.194476
v -1.107608 0.107580 -1.201741
v -0.986544 0.131040 -1.306034
v -0.984019 0.143572 -1.301401
v -0.977410 0.150646 -1.291854
v -0.969241 0.149561 -1.281039
v -0.962632 0.140731 -1.273087
v -0.960108 0.127529 -1.271037
v -0.962632 0.114998 -1.275669
v -0.969241 0.107923 -1.285217
v -0.977410 0.109009 -1.296031
v -0.984019 0.117838 -1.303983
v -0.853137 0.140063 -1.395960
v -0.850954 0.152571 -1.391097
v -0.845238 0.159585 -1.380947
v -0.838174 0.158425 -1.369388
v -0.832459 0.149535 -1.360834
v -0.830275 0.136310 -1.358553
v -0.832459 0.123802 -1.363416
v -0.838174 0.116788 -1.373566
v -0.845238 0.117948 -1.385125
v -0.850954 0.126838 -1.393679
v -0.711514 0.147737 -1.472442
v -0.709693 0.160226 -1.467384
v -0.704926 0.167188 -1.456722
v -0.699035 0.165965 -1.444529
v -0.694268 0.157023 -1.435463
v -0.692447 0.143778 -1.432986
v -0.694268 0.131290 -1.438045
v -0.699035 0.124327 -1.448707
v -0.704926 0.125551 -1.460899
v -0.709693 0.134492 -1.469965
v -0.563038 0.153988 -1.534744
v -0.561597 0.166461 -1.529526
v -0.557826 0.173381 -1.518447
v -0.553163 0.172106 -1.505738
v -0.549391 0.163122 -1.496254
v -0.547951 0.149862 -1.493618
v -0.549391 0.137389 -1.498836
v -0.553163 0.130469 -1.509916
v -0.557826 0.131744 -1.522624
v -0.561597 0.140727 -1.532108
v -0.409140 0.158756 -1.582266
v -0.408094 0.171217 -1.576926
v -0.405353 0.178105 -1.565528
v -0.401965 0.176790 -1.552426
v -0.399224 0.167775 -1.542624
v -0.398177 0.154502 -1.539866
v -0.399224 0.142042 -1.545206
v -0.401965 0.135153 -1.556604
v -0.405353 0.136468 -1.569706
v -0.408094 0.145483 -1.579508
v -0.251303 0.161995 -1.614549
v -0.250659 0.174447 -1.609127
v -0.248976 0.181314 -1.597513
v -0.246895 0.179973 -1.584143
v -0.245212 0.170936 -1.574125
v -0.244568 0.157654 -1.571285
v -0.245212 0.145202 -1.576707
v -0.246895 0.138335 -1.588321
v -0.248976 0.139677 -1.601690
v -0.250659 0.148714 -1.611709
v -0.091044 0.163674 -1.631283
v -0.090811 0.176122 -1.625818
v -0.090201 0.182978 -1.614092
v -0.089448 0.181622 -1.600584
v -0.088838 0.172574 -1.590454
v -0.088605 0.159288 -1.587571
v -0.088838 0.146841 -1.593036
v -0.089448 0.139985 -1.604762
v -0.090201 0.141340 -1.618270
v -0.090811 0.150389 -1.628400
v 0.070091 0.163777 -1.632308
v 0.069911 0.176225 -1.626840
v 0.069442 0.183080 -1.615107
v 0.068861 0.181723 -1.601590
v 0.068392 0.172674 -1.591453
v 0.068212 0.159388 -1.588567
v 0.068392 0.146941 -1.594035
v 0.068861 0.140086 -1.605768
v 0.069442 0.141442 -1.619285
v 0.069911 0.150491 -1.629422
v 0.230551 0.162303 -1.617612
v 0.229961 0.174754 -1.612182
v 0.228416 0.181619 -1.600547
v 0.226507 0.180275 -1.587152
v 0.224963 0.171235 -1.577114
v 0.224373 0.157953 -1.574265
v 0.224963 0.145502 -1.579696
v 0.226507 0.138637 -1.591330
v 0.228416 0.139981 -1.604725
v 0.229961 0.149021 -1.614764
v 0.388790 0.159265 -1.587338
v 0.387795 0.171724 -1.581985
v 0.385191 0.178609 -1.570553
v 0.381971 0.177290 -1.557409
v 0.379367 0.168271 -1.547573
v 0.378372 0.154997 -1.544802
v 0.379367 0.142538 -1.550155
v 0.381971 0.135653 -1.561587
v 0.385191 0.136972 -1.574731
v 0.387795 0.145991 -1.584567
v 0.543286 0.154694 -1.541776
v 0.541895 0.167164 -1.536540
v 0.538256 0.174080 -1.525414
v 0.533757 0.172799 -1.512647
v 0.530117 0.163811 -1.503116
v 0.528727 0.150548 -1.500462
v 0.530117 0.138078 -1.505698
v 0.533757 0.131162 -1.516825
v 0.538256 0.132443 -1.529592
v 0.541895 0.141431 -1.539122
v 0.692549 0.148632 -1.481367
v 0.690777 0.161119 -1.476286
v 0.686137 0.168075 -1.465564
v 0.680402 0.166844 -1.453297
v 0.675763 0.157897 -1.444171
v 0.673991 0.144650 -1.441672
v 0.675763 0.132163 -1.446753
v 0.680402 0.125207 -1.457475
v 0.686137 0.126438 -1.469742
v 0.690777 0.135385 -1.478868
v 0.835142 0.141140 -1.406691
v 0.833005 0.153645 -1.401801
v 0.827411 0.160652 -1.391579
v 0.820495 0.159483 -1.379931
v 0.814900 0.150586 -1.371305
v 0.812763 0.137358 -1.368997
v 0.814900 0.124852 -1.373887
v 0.820495 0.117846 -1.384109
v 0.827411 0.119015 -1.395757
v 0.833005 0.127912 -1.404383
v 0.969693 0.132288 -1.318469
v 0.967212 0.144816 -1.313804
v 0.960716 0.151882 -1.304173
v 0.952686 0.150787 -1.293256
v 0.946190 0.141948 -1.285221
v 0.943709 0.128743 -1.283138
v 0.946190 0.116215 -1.287803
v 0.952686 0.109149 -1.297433
v 0.960716 0.110245 -1.308351
v 0.967212 0.119083 -1.316386
v 1.094905 0.122162 -1.217548
v 1.092103 0.134716 -1.213142
v 1.084768 0.141850 -1.204187
v 1.075702 0.140838 -1.194105
v 1.068367 0.132068 -1.186746
v 1.065565 0.118889 -1.184922
v 1.068367 0.106335 -1.189328
v 1.075702 0.099201 -1.198283
v 1.084768 0.100213 -1.208365
v 1.092103 0.108983 -1.215724
v 1.209573 0.110860 -1.104902
v 1.206477 0.123443 -1.100784
v 1.198374 0.130652 -1.092584
v 1.188358 0.129734 -1.083435
v 1.180255 0.121040 -1.076831
v 1.177160 0.107889 -1.075294
v 1.180255 0.095306 -1.079413
v 1.188358 0.088097 -1.087612
v 1.198374 0.089015 -1.096762
v 1.206477 0.097710 -1.103366
v 1.312591 0.098490 -0.981615
v 1.309233 0.111105 -0.977812
v 1.300439 0.118397 -0.970438
v 1.289570 0.117581 -0.962310
v 1.280777 0.108970 -0.956532
v 1.277418 0.095851 -0.955311
v 1.280777 0.083236 -0.959114
v 1.289570 0.075944 -0.966488
v 1.300439 0.076759 -0.974616
v 1.309233 0.085371 -0.980394
v 1.402969 0.085172 -0.848875
v 1.399379 0.097820 -0.845411
v 1.389980 0.105202 -0.838927
v 1.378363 0.104496 -0.831898
v 1.368964 0.095974 -0.827009
v 1.365374 0.082889 -0.826128
v 1.368964 0.070241 -0.829591
v 1.378363 0.062859 -0.836075
v 1.389980 0.063564 -0.843104
v 1.399379 0.072087 -0.847993
v 1.479835 0.071033 -0.707959
v 1.476049 0.083718 -0.704856
v 1.466135 0.091194 -0.699316
v 1.453881 0.090606 -0.693454
v 1.443967 0.082178 -0.689509
v 1.440181 0.069129 -0.688988
v 1.443967 0.056444 -0.692091
v 1.453881 0.048968 -0.697631
v 1.466135 0.049556 -0.703494
v 1.476049 0.057984 -0.707438
f 1 2 42
f 1 42 41
f 2 3 43
f 2 43 42
f 3 4 44
f 3 44 43
f 4 5 45
f 4 45 44
f 5 6 46
f 5 46 45
f 6 7 47
f 6 47 46
f 7 8 48
f 7 48 47
f 8 9 49
f 8 49 48
f 9 10 50
f 9 50 49
f 10 11 51
f 10 51 50
f 11 12 52
f 11 52 51
f 12 13 53
f 12 53 52
f 13 14 54
f 13 54 53
f 14 15 55
f 14 55 54
f 15 16 56
f 15 56 55
f 16 17 57
f 16 57 56
f 17 18 58
f 17 58 57
f 18 19 59
f 18 59 58
f 19 20 60
f 19 60 59
f 20 21 61
f 20 61 60
f 21 22 62
f 21 62 61
f 22 23 63
f 22 63 62
f 23 24 64
f 23 64 63
f 24 25 65
f 24 65 64
f 25 26 66
f 25 66 65
f 26 27 67
f 26 67 66
f 27 28 68
f 27 68 67
f 28 29 69
f 28 69 68
f 29 30 70
f 29 70 69
f 30 31 71
f 30 71 70
f 31 32 72
f 31 72 71
f 32 33 73
f 32 73 72
f 33 34 74
f 33 74 73
f 34 35 75
f 34 75 74
f 35 36 76
f 35 76 75
f 36 37 77
f 36 77 76
f 37 38 78
f 37 78 77
f 38 39 79
f 38 79 78
f 39 40 80
f 39 80 79
f 40 1 41
f 40 41 80
f 41 42 82
f 41 82 81
f 42 43 83
f 42 83 82
f 43 44 84
f 43 84 83
f 44 45 85
f 44 85 84
f 45 46 86
f 45 86 85
f 46 47 87
f 46 87 86
f 47 48 88
f 47 88 87
f 48 49 89
f 48 89 88
f 49 50 90
f 49 90 89
f 50 51 91
f 50 91 90
f 51 52 92
f 51 92 91
f 52 53 93
f 52 93 92
f 53 54 94
f 53 94 93
f 54 55 95
f 54 95 94
f 55 56 96
f 55 96 95
f 56 57 97
f 56 97 96
f 57 58 98
f 57 98 97
f 58 59 99
f 58 99 98
f 59 60 100
f 59 100 99
f 60 61 101
f 60 101 100
f 61 62 102
f 61 102 101
f 62 63 103
f 62 103 102
f 63 64 104
f 63 104 103
f 64 65 105
f 64 105 104
f 65 66 106
f 65 106 105
f 66 67 107
f 66 107 106
f 67 68 108
f 67 108 107
f 68 69 109
f 68 109 108
f 69 70 110
f 69 110 109
f 70 71 111
f 70 111 110
f 71 72 112
f 71 112 111
f 72 73 113
f 72 113 112
f 73 74 114
f 73 114 113
f 74 75 115
f 74 115 114
f 75 76 116
f 75 116 115
f 76 77 117
f 76 117 116
f 77 78 118
f 77 118 117
f 78 79 119
f 78 119 118
f 79 80 120
f 79 120 119
f 80 41 81
f 80 81 120
f 81 82 122
f 81 122 121
f 82 83 123
f 82 123 122
f 83 84 124
f 83 124 123
f 84 85 125
f 84 125 124
f 85 86 126
f 85 126 125
f 86 87 127
f 86 127 126
f 87 88 128
f 87 128 127
f 88 89 129
f 88 129 128
f 89 90 130
f 89 130 129
f 90 91 131
f 90 131 130
f 91 92 132
f 91 132 131
f 92 93 133
f 92 133 132
f 93 94 134
f 93 134 133
f 94 95 135
f 94 135 134
f 95 96 136
f 95 136 135
f 96 97 137
f 96 137 136
f 97 98 138
f 97 138 137
f 98 99 139
f 98 139 138
f 99 100 140
f 99 140 139
f 100 101 141
f 100 141 140
f 101 102 142
f 101 142 141
f 102 103 143
f 102 143 142
f 103 104 144
f 103 144 143
f 104 105 145
f 104 145 144
f 105 106 146
f 105 146 145
f 106 107 147
f 106 147 146
f 107 108 148
f 107 148 147
f 108 109 149
f 108 149 148
f 109 110 150
f 109 150 149
f 110 111 151
f 110 151 150
f 111 112 152
f 111 152 151
f 112 113 153
f 112 153 152
f 113 114 154
f 113 154 153
f 114 115 155
f 114 155 154
f 115 116 156
f 115 156 155
f 116 117 157
f 116 157 156
f 117 118 158
f 117 158 157
f 118 119 159
f 118 159 158
f 119 120 160
f 119 160 159
f 120 81 121
f 120 121 160
f 121 122 162
f 121 162 161
f 122 123 163
f 122 163 162
f 123 124 164
f 123 164 163
f 124 125 165
f 124 165 164
f 125 126 166
f 125 166 165
f 126 127 167
f 126 167 166
f 127 128 168
f 127 168 167
f 128 129 169
f 128 169 168
f 129 130 170
f 129 170 169
f 130 131 171
f 130 171 170
f 131 132 172
f 131 172 171
f 132 133 173
f 132 173 172
f 133 134 174
f 133 174 173
f 134 135 175
f 134 175 174
f 135 136 176
f 135 176 175
f 136 137 177
f 136 177 176
f 137 138 178
f 137 178 177
f 138 139 179
f 138 179 178
f 139 140 180
f 139 180 179
f 140 141 181
f 140 181 180
f 141 142 182
f 141 182 181
f 142 143 183
f 142 183 182
f 143 144 184
f 143 184 183
f 144 145 185
f 144 185 184
f 145 146 186
f 145 186 185
f 146 147 187
f 146 187 186
f 147 148 188
f 147 188 187
f 148 149 189
f 148 189 188
f 149 150 190
f 149 190 189
f 150 151 191
f 150 191 190
f 151 152 192
f 151 192 191
f 152 153 193
f 152 193 192
f 153 154 194
f 153 194 193
f 154 155 195
f 154 195 194
f 155 156 196
f 155 196 195
f 156 157 197
f 156 197 196
f 157 158 198
f 157 198 197
f 158 159 199
f 158 199 198
f 159 160 200
f 159 200 199
f 160 121 161
f 160 161 200
f 161 162 202
f 161 202 201
f 162 163 203
f 162 203 202
f 163 164 204
f 163 204 203
f 164 165 205
f 164 205 204
f 165 166 206
f 165 206 205
f 166 167 207
f 166 207 206
f 167 168 208
f 167 208 207
f 168 169 209
f 168 209 208
f 169 170 210
f 169 210 209
f 170 171 211
f 170 211 210
f 171 172 212
f 171 212 211
f 172 173 213
f 172 213 212
f 173 174 214
f 173 214 213
f 174 175 215
f 174 215 214
f 175 176 216
f 175 216 215
f 176 177 217
f 176 217 216
f 177 178 218
f 177 218 217
f 178 179 219
f 178 219 218
f 179 180 220
f 179 220 219
f 180 181 221
f 180 221 220
f 181 182 222
f 181 222 221
f 182 183 223
f 182 223 222
f 183 184 224
f 183 224 223
f 184 185 225
f 184 225 224
f 185 186 226
f 185 226 225
f 186 187 227
f 186 227 226
f 187 188 228
f 187 228 227
f 188 189 229
f 188 229 228
f 189 190 230
f 189 230 229
f 190 191 231
f 190 231 230
f 191 192 232
f 191 232 231
f 192 193 233
f 192 233 232
f 193 194 234
f 193 234 233
f 194 195 235
f 194 235 234
f 195 196 236
f 195 236 235
f 196 197 237
f 196 237 236
f 197 198 238
f 197 238 237
f 198 199 239
f 198 239 238
f 199 200 240
f 199 240 239
f 200 161 201
f 200 201 240
f 201 202 242
f 201 242 241
f 202 203 243
f 202 243 242
f 203 204 244
f 203 244 243
f 204 205 245
f 204 245 244
f 205 206 246
f 205 246 245
f 206 207 247
f 206 247 246
f 207 208 248
f 207 248 247
f 208 209 249
f 208 249 248
f 209 210 250
f 209 250 249
f 210 211 251
f 210 251 250
f 211 212 252
f 211 252 251
f 212 213 253
f 212 253 252
f 213 214 254
f 213 254 253
f 214 215 255
f 214 255 254
f 215 216 256
f 215 256 255
f 216 217 257
f 216 257 256
f 217 218 258
f 217 258 257
f 218 219 259
f 218 259 258
f 219 220 260
f 219 260 259
f 220 221 261
f 220 261 260
f 221 222 262
f 221 262 261
f 222 223 263
f 222 263 262
f 223 224 264
f 223 264 263
f 224 225 265
f 224 265 264
f 225 226 266
f 225 266 265
f 226 227 267
f 226 267 266
f 227 228 268
f 227 268 267
f 228 229 269
f 228 269 268
f 229 230 270
f 229 270 269
f 230 231 271
f 230 271 270
f 231 232 272
f 231 272 271
f 232 233 273
f 232 273 272
f 233 234 274
f 233 274 273
f 234 235 275
f 234 275 274
f 235 236 276
f 235 276 275
f 236 237 277
f 236 277 276
f 237 238 278
f 237 278 277
f 238 239 279
f 238 279 278
f 239 240 280
f 239 280 279
f 240 201 241
f 240 241 280
f 241 242 282
f 241 282 281
f 242 243 283
f 242 283 282
f 243 244 284
f 243 284 283
f 244 245 285
f 244 285 284
f 245 246 286
f 245 286 285
f 246 247 287
f 246 287 286
f 247 248 288
f 247 288 287
f 248 249 289
f 248 289 288
f 249 250 290
f 249 290 289
f 250 251 291
f 250 291 290
f 251 252 292
f 251 292 291
f 252 253 293
f 252 293 292
f 253 254 294
f 253 294 293
f 254 255 295
f 254 295 294
f 255 256 296
f 255 296 295
f 256 257 297
f 256 297 296
f 257 258 298
f 257 298 297
f 258 259 299
f 258 299 298
f 259 260 300
f 259 300 299
f 260 261 301
f 260 301 300
f 261 262 302
f 261 302 301
f 262 263 303
f 262 303 302
f 263 264 304
f 263 304 303
f 264 265 305
f 264 305 304
f 265 266 306
f 265 306 305
f 266 267 307
f 266 307 306
f 267 268 308
f 267 308 307
f 268 269 309
f 268 309 308
f 269 270 310
f 269 310 309
f 270 271 311
f 270 311 310
f 271 272 312
f 271 312 311
f 272 273 313
f 272 313 312
f 273 274 314
f 273 314 313
f 274 275 315
f 274 315 314
f 275 276 316
f 275 316 315
f 276 277 317
f 276 317 316
f 277 278 318
f 277 318 317
f 278 279 319
f 278 319 318
f 279 280 320
f 279 320 319
f 280 241 281
f 280 281 320
f 281 282 322
f 281 322 321
f 282 283 323
f 282 323 322
f 283 284 324
f 283 324 323
f 284 285 325
f 284 325 324
f 285 286 326
f 285 326 325
f 286 287 327
f 286 327 326
f 287 288 328
f 287 328 327
f 288 289 329
f 288 329 328
f 289 290 330
f 289 330 329
f 290 291 331
f 290 331 330
f 291 292 332
f 291 332 331
f 292 293 333
f 292 333 332
f 293 294 334
f 293 334 333
f 294 295 335
f 294 335 334
f 295 296 336
f 295 336 335
f 296 297 337
f 296 337 336
f 297 298 338
f 297 338 337
f 298 299 339
f 298 339 338
f 299 300 340
f 299 340 339
f 300 301 341
f 300 341 340
f 301 302 342
f 301 342 341
f 302 303 343
f 302 343 342
f 303 304 344
f 303 344 343
f 304 305 345
f 304 345 344
f 305 306 346
f 305 346 345
f 306 307 347
f 306 347 346
f 307 308 348
f 307 348 347
f 308 309 349
f 308 349 348
f 309 310 350
f 309 350 349
f 310 311 351
f 310 351 350
f 311 312 352
f 311 352 351
f 312 313 353
f 312 353 352
f 313 314 354
f 313 354 353
f 314 315 355
f 314 355 354
f 315 316 356
f 315 356 355
f 316 317 357
f 316 357 356
f 317 318 358
f 317 358 357
f 318 319 359
f 318 359 358
f 319 320 360
f 319 360 359
f 320 281 321
f 320 321 360
f 321 322 362
f 321 362 361
f 322 323 363
f 322 363 362
f 323 324 364
f 323 364 363
f 324 325 365
f 324 365 364
f 325 326 366
f 325 366 365
f 326 327 367
f 326 367 366
f 327 328 368
f 327 368 367
f 328 329 369
f 328 369 368
f 329 330 370
f 329 370 369
f 330 331 371
f 330 371 370
f 331 332 372
f 331 372 371
f 332 333 373
f 332 373 372
f 333 334 374
f 333 374 373
f 334 335 375
f 334 375 374
f 335 336 376
f 335 376 375
f 336 337 377
f 336 377 376
f 337 338 378
f 337 378 377
f 338 339 379
f 338 379 378
f 339 340 380
f 339 380 379
f 340 341 381
f 340 381 380
f 341 342 382
f 341 382 381
f 342 343 383
f 342 383 382
f 343 344 384
f 343 384 383
f 344 345 385
f 344 385 384
f 345 346 386
f 345 386 385
f 346 347 387
f 346 387 386
f 347 348 388
f 347 388 387
f 348 349 389
f 348 389 388
f 349 350 390
f 349 390 389
f 350 351 391
f 350 391 390
f 351 352 392
f 351 392 391
f 352 353 393
f 352 393 392
f 353 354 394
f 353 394 393
f 354 355 395
f 354 395 394
f 355 356 396
f 355 396 395
f 356 357 397
f 356 397 396
f 357 358 398
f 357 398 397
f 358 359 399
f 358 399 398
f 359 360 400
f 359 400 399
f 360 321 361
f 360 361 400
f 361 362 402
f 361 402 401
f 362 363 403
f 362 403 402
f 363 364 404
f 363 404 403
f 364 365 405
f 364 405 404
f 365 366 406
f 365 406 405
f 366 367 407
f 366 407 406
f 367 368 408
f 367 408 407
f 368 369 409
f 368 409 408
f 369 370 410
f 369 410 409
f 370 371 411
f 370 411 410
f 371 372 412
f 371 412 411
f 372 373 413
f 372 413 412
f 373 374 414
f 373 414 413
f 374 375 415
f 374 415 414
f 375 376 416
f 375 416 415
f 376 377 417
f 376 417 416
f 377 378 418
f 377 418 417
f 378 379 419
f 378 419 418
f 379 380 420
f 379 420 419
f 380 381 421
f 380 421 420
f 381 382 422
f 381 422 421
f 382 383 423
f 382 423 422
f 383 384 424
f 383 424 423
f 384 385 425
f 384 425 424
f 385 386 426
f 385 426 425
f 386 387 427
f 386 427 426
f 387 388 428
f 387 428 427
f 388 389 429
f 388 429 428
f 389 390 430
f 389 430 429
f 390 391 431
f 390 431 430
f 391 392 432
f 391 432 431
f 392 393 433
f 392 433 432
f 393 394 434
f 393 434 433
f 394 395 435
f 394 435 434
f 395 396 436
f 395 436 435
f 396 397 437
f 396 437 436
f 397 398 438
f 397 438 437
f 398 399 439
f 398 439 438
f 399 400 440
f 399 440 439
f 400 361 401
f 400 401 440
f 401 402 442
f 401 442 441
f 402 403 443
f 402 443 442
f 403 404 444
f 403 444 443
f 404 405 445
f 404 445 444
f 405 406 446
f 405 446 445
f 406 407 447
f 406 447 446
f 407 408 448
f 407 448 447
f 408 409 449
f 408 449 448
f 409 410 450
f 409 450 449
f 410 411 451
f 410 451 450
f 411 412 452
f 411 452 451
f 412 413 453
f 412 453 452
f 413 414 454
f 413 454 453
f 414 415 455
f 414 455 454
f 415 416 456
f 415 456 455
f 416 417 457
f 416 457 456
f 417 418 458
f 417 458 457
f 418 419 459
f 418 459 458
f 419 420 460
f 419 460 459
f 420 421 461
f 420 461 460
f 421 422 462
f 421 462 461
f 422 423 463
f 422 463 462
f 423 424 464
f 423 464 463
f 424 425 465
f 424 465 464
f 425 426 466
f 425 466 465
f 426 427 467
f 426 467 466
f 427 428 468
f 427 468 467
f 428 429 469
f 428 469 468
f 429 430 470
f 429 470 469
f 430 431 471
f 430 471 470
f 431 432 472
f 431 472 471
f 432 433 473
f 432 473 472
f 433 434 474
f 433 474 473
f 434 435 475
f 434 475 474
f 435 436 476
f 435 476 475
f 436 437 477
f 436 477 476
f 437 438 478
f 437 478 477
f 438 439 479
f 438 479 478
f 439 440 480
f 439 480 479
f 440 401 441
f 440 441 480
f 441 442 482
f 441 482 481
f 442 443 483
f 442 483 482
f 443 444 484
f 443 484 483
f 444 445 485
f 444 485 484
f 445 446 486
f 445 486 485
f 446 447 487
f 446 487 486
f 447 448 488
f 447 488 487
f 448 449 489
f 448 489 488
f 449 450 490
f 449 490 489
f 450 451 491
f 450 491 490
f 451 452 492
f 451 492 491
f 452 453 493
f 452 493 492
f 453 454 494
f 453 494 493
f 454 455 495
f 454 495 494
f 455 456 496
f 455 496 495
f 456 457 497
f 456 497 496
f 457 458 498
f 457 498 497
f 458 459 499
f 458 499 498
f 459 460 500
f 459 500 499
f 460 461 501
f 460 501 500
f 461 462 502
f 461 502 501
f 462 463 503
f 462 503 502
f 463 464 504
f 463 504 503
f 464 465 505
f 464 505 504
f 465 466 506
f 465 506 505
f 466 467 507
f 466 507 506
f 467 468 508
f 467 508 507
f 468 469 509
f 468 509 508
f 469 470 510
f 469 510 509
f 470 471 511
f 470 511 510
f 471 472 512
f 471 512 511
f 472 473 513
f 472 513 512
f 473 474 514
f 473 514 513
f 474 475 515
f 474 515 514
f 475 476 516
f 475 516 515
f 476 477 517
f 476 517 516
f 477 478 518
f 477 518 517
f 478 479 519
f 478 519 518
f 479 480 520
f 479 520 519
f 480 441 481
f 480 481 520
f 481 482 522
f 481 522 521
f 482 483 523
f 482 523 522
f 483 484 524
f 483 524 523
f 484 485 525
f 484 525 524
f 485 486 526
f 485 526 525
f 486 487 527
f 486 527 526
f 487 488 528
f 487 528 527
f 488 489 529
f 488 529 528
f 489 490 530
f 489 530 529
f 490 491 531
f 490 531 530
f 491 492 532
f 491 532 531
f 492 493 533
f 492 533 532
f 493 494 534
f 493 534 533
f 494 495 535
f 494 535 534
f 495 496 536
f 495 536 535
f 496 497 537
f 496 537 536
f 497 498 538
f 497 538 537
f 498 499 539
f 498 539 538
f 499 500 540
f 499 540 539
f 500 501 541
f 500 541 540
f 501 502 542
f 501 542 541
f 502 503 543
f 502 543 542
f 503 504 544
f 503 544 543
f 504 505 545
f 504 545 544
f 505 506 546
f 505 546 545
f 506 507 547
f 506 547 546
f 507 508 548
f 507 548 547
f 508 509 549
f 508 549 548
f 509 510 550
f 509 550 549
f 510 511 551
f 510 551 550
f 511 512 552
f 511 552 551
f 512 513 553
f 512 553 552
f 513 514 554
f 513 554 553
f 514 515 555
f 514 555 554
f 515 516 556
f 515 556 555
f 516 517 557
f 516 557 556
f 517 518 558
f 517 558 557
f 518 519 559
f 518 559 558
f 519 520 560
f 519 560 559
f 520 481 521
f 520 521 560
f 521 522 562
f 521 562 561
f 522 523 563
f 522 563 562
f 523 524 564
f 523 564 563
f 524 525 565
f 524 565 564
f 525 526 566
f 525 566 565
f 526 527 567
f 526 567 566
f 527 528 568
f 527 568 567
f 528 529 569
f 528 569 568
f 529 530 570
f 529 570 569
f 530 531 571
f 530 571 570
f 531 532 572
f 531 572 571
f 532 533 573
f 532 573 572
f 533 534 574
f 533 574 573
f 534 535 575
f 534 575 574
f 535 536 576
f 535 576 575
f 536 537 577
f 536 577 576
f 537 538 578
f 537 578 577
f 538 539 579
f 538 579 578
f 539 540 580
f 539 580 579
f 540 541 581
f 540 581 580
f 541 542 582
f 541 582 581
f 542 543 583
f 542 583 582
f 543 544 584
f 543 584 583
f 544 545 585
f 544 585 584
f 545 546 586
f 545 586 585
f 546 547 587
f 546 587 586
f 547 548 588
f 547 588 587
f 548 549 589
f 548 589 588
f 549 550 590
f 549 590 589
f 550 551 591
f 550 591 590
f 551 552 592
f 551 592 591
f 552 553 593
f 552 593 592
f 553 554 594
f 553 594 593
f 554 555 595
f 554 595 594
f 555 556 596
f 555 596 595
f 556 557 597
f 556 597 596
f 557 558 598
f 557 598 597
f 558 559 599
f 558 599 598
f 559 560 600
f 559 600 599
f 560 521 561
f 560 561 600
f 561 562 602
f 561 602 601
f 562 563 603
f 562 603 602
f 563 564 604
f 563 604 603
f 564 565 605
f 564 605 604
f 565 566 606
f 565 606 605
f 566 567 607
f 566 607 606
f 567 568 608
f 567 608 607
f 568 569 609
f 568 609 608
f 569 570 610
f 569 610 609
f 570 571 611
f 570 611 610
f 571 572 612
f 571 612 611
f 572 573 613
f 572 613 612
f 573 574 614
f 573 614 613
f 574 575 615
f 574 615 614
f 575 576 616
f 575 616 615
f 576 577 617
f 576 617 616
f 577 578 618
f 577 618 617
f 578 579 619
f 578 619 618
f 579 580 620
f 579 620 619
f 580 581 621
f 580 621 620
f 581 582 622
f 581 622 621
f 582 583 623
f 582 623 622
f 583 584 624
f 583 624 623
f 584 585 625
f 584 625 624
f 585 586 626
f 585 626 625
f 586 587 627
f 586 627 626
f 587 588 628
f 587 628 627
f 588 589 629
f 588 629 628
f 589 590 630
f 589 630 629
f 590 591 631
f 590 631 630
f 591 592 632
f 591 632 631
f 592 593 633
f 592 633 632
f 593 594 634
f 593 634 633
f 594 595 635
f 594 635 634
f 595 596 636
f 595 636 635
f 596 597 637
f 596 637 636
f 597 598 638
f 597 638 637
f 598 599 639
f 598 639 638
f 599 600 640
f 599 640 639
f 600 561 601
f 600 601 640
f 601 602 642
f 601 642 641
f 602 603 643
f 602 643 642
f 603 604 644
f 603 644 643
f 604 605 645
f 604 645 644
f 605 606 646
f 605 646 645
f 606 607 647
f 606 647 646
f 607 608 648
f 607 648 647
f 608 609 649
f 608 649 648
f 609 610 650
f 609 650 649
f 610 611 651
f 610 651 650
f 611 612 652
f 611 652 651
f 612 613 653
f 612 653 652
f 613 614 654
f 613 654 653
f 614 615 655
f 614 655 654
f 615 616 656
f 615 656 655
f 616 617 657
f 616 657 656
f 617 618 658
f 617 658 657
f 618 619 659
f 618 659 658
f 619 620 660
f 619 660 659
f 620 621 661
f 620 661 660
f 621 622 662
f 621 662 661
f 622 623 663
f 622 663 662
f 623 624 664
f 623 664 663
f 624 625 665
f 624 665 664
f 625 626 666
f 625 666 665
f 626 627 667
f 626 667 666
f 627 628 668
f 627 668 667
f 628 629 669
f 628 669 668
f 629 630 670
f 629 670 669
f 630 631 671
f 630 671 670
f 631 632 672
f 631 672 671
f 632 633 673
f 632 673 672
f 633 634 674
f 633 674 673
f 634 635 675
f 634 675 674
f 635 636 676
f 635 676 675
f 636 637 677
f 636 677 676
f 637 638 678
f 637 678 677
f 638 639 679
f 638 679 678
f 639 640 680
f 639 680 679
f 640 601 641
f 640 641 680
f 641 642 682
f 641 682 681
f 642 643 683
f 642 683 682
f 643 644 684
f 643 684 683
f 644 645 685
f 644 685 684
f 645 646 686
f 645 686 685
f 646 647 687
f 646 687 686
f 647 648 688
f 647 688 687
f 648 649 689
f 648 689 688
f 649 650 690
f 649 690 689
f 650 651 691
f 650 691 690
f 651 652 692
f 651 692 691
f 652 653 693
f 652 693 692
f 653 654 694
f 653 694 693
f 654 655 695
f 654 695 694
f 655 656 696
f 655 696 695
f 656 657 697
f 656 697 696
f 657 658 698
f 657 698 697
f 658 659 699
f 658 699 698
f 659 660 700
f 659 700 699
f 660 661 701
f 660 701 700
f 661 662 702
f 661 702 701
f 662 663 703
f 662 703 702
f 663 664 704
f 663 704 703
f 664 665 705
f 664 705 704
f 665 666 706
f 665 706 705
f 666 667 707
f 666 707 706
f 667 668 708
f 667 708 707
f 668 669 709
f 668 709 708
f 669 670 710
f 669 710 709
f 670 671 711
f 670 711 710
f 671 672 712
f 671 712 711
f 672 673 713
f 672 713 712
f 673 674 714
f 673 714 713
f 674 675 715
f 674 715 714
f 675 676 716
f 675 716 715
f 676 677 717
f 676 717 716
f 677 678 718
f 677 718 717
f 678 679 719
f 678 719 718
f 679 680 720
f 679 720 719
f 680 641 681
f 680 681 720
f 681 682 722
f 681 722 721
f 682 683 723
f 682 723 722
f 683 684 724
f 683 724 723
f 684 685 725
f 684 725 724
f 685 686 726
f 685 726 725
f 686 687 727
f 686 727 726
f 687 688 728
f 687 728 727
f 688 689 729
f 688 729 728
f 689 690 730
f 689 730 729
f 690 691 731
f 690 731 730
f 691 692 732
f 691 732 731
f 692 693 733
f 692 733 732
f 693 694 734
f 693 734 733
f 694 695 735
f 694 735 734
f 695 696 736
f 695 736 735
f 696 697 737
f 696 737 736
f 697 698 738
f 697 738 737
f 698 699 739
f 698 739 738
f 699 700 740
f 699 740 739
f 700 701 741
f 700 741 740
f 701 702 742
f 701 742 741
f 702 703 743
f 702 743 742
f 703 704 744
f 703 744 743
f 704 705 745
f 704 745 744
f 705 706 746
f 705 746 745
f 706 707 747
f 706 747 746
f 707 708 748
f 707 748 747
f 708 709 749
f 708 749 748
f 709 710 750
f 709 750 749
f 710 711 751
f 710 751 750
f 711 712 752
f 711 752 751
f 712 713 753
f 712 753 752
f 713 714 754
f 713 754 753
f 714 715 755
f 714 755 754
f 715 716 756
f 715 756 755
f 716 717 757
f 716 757 756
f 717 718 758
f 717 758 757
f 718 719 759
f 718 759 758
f 719 720 760
f 719 760 759
f 720 681 721
f 720 721 760
f 721 722 762
f 721 762 761
f 722 723 763
f 722 763 762
f 723 724 764
f 723 764 763
f 724 725 765
f 724 765 764
f 725 726 766
f 725 766 765
f 726 727 767
f 726 767 766
f 727 728 768
f 727 768 767
f 728 729 769
f 728 769 768
f 729 730 770
f 729 770 769
f 730 731 771
f 730 771 770
f 731 732 772
f 731 772 771
f 732 733 773
f 732 773 772
f 733 734 774
f 733 774 773
f 734 735 775
f 734 775 774
f 735 736 776
f 735 776 775
f 736 737 777
f 736 777 776
f 737 738 778
f 737 778 777
f 738 739 779
f 738 779 778
f 739 740 780
f 739 780 779
f 740 741 781
f 740 781 780
f 741 742 782
f 741 782 781
f 742 743 783
f 742 783 782
f 743 744 784
f 743 784 783
f 744 745 785
f 744 785 784
f 745 746 786
f 745 786 785
f 746 747 787
f 746 787 786
f 747 748 788
f 747 788 787
f 748 749 789
f 748 789 788
f 749 750 790
f 749 790 789
f 750 751 791
f 750 791 790
f 751 752 792
f 751 792 791
f 752 753 793
f 752 793 792
f 753 754 794
f 753 794 793
f 754 755 795
f 754 795 794
f 755 756 796
f 755 796 795
f 756 757 797
f 756 797 796
f 757 758 798
f 757 798 797
f 758 759 799
f 758 799 798
f 759 760 800
f 759 800 799
f 760 721 761
f 760 761 800
f 761 762 802
f 761 802 801
f 762 763 803
f 762 803 802
f 763 764 804
f 763 804 803
f 764 765 805
f 764 805 804
f 765 766 806
f 765 806 805
f 766 767 807
f 766 807 806
f 767 768 808
f 767 808 807
f 768 769 809
f 768 809 808
f 769 770 810
f 769 810 809
f 770 771 811
f 770 811 810
f 771 772 812
f 771 812 811
f 772 773 813
f 772 813 812
f 773 774 814
f 773 814 813
f 774 775 815
f 774 815 814
f 775 776 816
f 775 816 815
f 776 777 817
f 776 817 816
f 777 778 818
f 777 818 817
f 778 779 819
f 778 819 818
f 779 780 820
f 779 820 819
f 780 781 821
f 780 821 820
f 781 782 822
f 781 822 821
f 782 783 823
f 782 823 822
f 783 784 824
f 783 824 823
f 784 785 825
f 784 825 824
f 785 786 826
f 785 826 825
f 786 787 827
f 786 827 826
f 787 788 828
f 787 828 827
f 788 789 829
f 788 829 828
f 789 790 830
f 789 830 829
f 790 791 831
f 790 831 830
f 791 792 832
f 791 832 831
f 792 793 833
f 792 833 832
f 793 794 834
f 793 834 833
f 794 795 835
f 794 835 834
f 795 796 836
f 795 836 835
f 796 797 837
f 796 837 836
f 797 798 838
f 797 838 837
f 798 799 839
f 798 839 838
f 799 800 840
f 799 840 839
f 800 761 801
f 800 801 840
f 801 802 842
f 801 842 841
f 802 803 843
f 802 843 842
f 803 804 844
f 803 844 843
f 804 805 845
f 804 845 844
f 805 806 846
f 805 846 845
f 806 807 847
f 806 847 846
f 807 808 848
f 807 848 847
f 808 809 849
f 808 849 848
f 809 810 850
f 809 850 849
f 810 811 851
f 810 851 850
f 811 812 852
f 811 852 851
f 812 813 853
f 812 853 852
f 813 814 854
f 813 854 853
f 814 815 855
f 814 855 854
f 815 816 856
f 815 856 855
f 816 817 857
f 816 857 856
f 817 818 858
f 817 858 857
f 818 819 859
f 818 859 858
f 819 820 860
f 819 860 859
f 820 821 861
f 820 861 860
f 821 822 862
f 821 862 861
f 822 823 863
f 822 863 862
f 823 824 864
f 823 864 863
f 824 825 865
f 824 865 864
f 825 826 866
f 825 866 865
f 826 827 867
f 826 867 866
f 827 828 868
f 827 868 867
f 828 829 869
f 828 869 868
f 829 830 870
f 829 870 869
f 830 831 871
f 830 871 870
f 831 832 872
f 831 872 871
f 832 833 873
f 832 873 872
f 833 834 874
f 833 874 873
f 834 835 875
f 834 875 874
f 835 836 876
f 835 876 875
f 836 837 877
f 836 877 876
f 837 838 878
f 837 878 877
f 838 839 879
f 838 879 878
f 839 840 880
f 839 880 879
f 840 801 841
f 840 841 880
f 841 842 882
f 841 882 881
f 842 843 883
f 842 883 882
f 843 844 884
f 843 884 883
f 844 845 885
f 844 885 884
f 845 846 886
f 845 886 885
f 846 847 887
f 846 887 886
f 847 848 888
f 847 888 887
f 848 849 889
f 848 889 888
f 849 850 890
f 849 890 889
f 850 851 891
f 850 891 890
f 851 852 892
f 851 892 891
f 852 853 893
f 852 893 892
f 853 854 894
f 853 894 893
f 854 855 895
f 854 895 894
f 855 856 896
f 855 896 895
f 856 857 897
f 856 897 896
f 857 858 898
f 857 898 897
f 858 859 899
f 858 899 898
f 859 860 900
f 859 900 899
f 860 861 901
f 860 901 900
f 861 862 902
f 861 902 901
f 862 863 903
f 862 903 902
f 863 864 904
f 863 904 903
f 864 865 905
f 864 905 904
f 865 866 906
f 865 906 905
f 866 867 907
f 866 907 906
f 867 868 908
f 867 908 907
f 868 869 909
f 868 909 908
f 869 870 910
f 869 910 909
f 870 871 911
f 870 911 910
f 871 872 912
f 871 912 911
f 872 873 913
f 872 913 912
f 873 874 914
f 873 914 913
f 874 875 915
f 874 915 914
f 875 876 916
f 875 916 915
f 876 877 917
f 876 917 916
f 877 878 918
f 877 918 917
f 878 879 919
f 878 919 918
f 879 880 920
f 879 920 919
f 880 841 881
f 880 881 920
f 881 882 922
f 881 922 921
f 882 883 923
f 882 923 922
f 883 884 924
f 883 924 923
f 884 885 925
f 884 925 924
f 885 886 926
f 885 926 925
f 886 887 927
f 886 927 926
f 887 888 928
f 887 928 927
f 888 889 929
f 888 929 928
f 889 890 930
f 889 930 929
f 890 891 931
f 890 931 930
f 891 892 932
f 891 932 931
f 892 893 933
f 892 933 932
f 893 894 934
f 893 934 933
f 894 895 935
f 894 935 934
f 895 896 936
f 895 936 935
f 896 897 937
f 896 937 936
f 897 898 938
f 897 938 937
f 898 899 939
f 898 939 938
f 899 900 940
f 899 940 939
f 900 901 941
f 900 941 940
f 901 902 942
f 901 942 941
f 902 903 943
f 902 943 942
f 903 904 944
f 903 944 943
f 904 905 945
f 904 945 944
f 905 906 946
f 905 946 945
f 906 907 947
f 906 947 946
f 907 908 948
f 907 948 947
f 908 909 949
f 908 949 948
f 909 910 950
f 909 950 949
f 910 911 951
f 910 951 950
f 911 912 952
f 911 952 951
f 912 913 953
f 912 953 952
f 913 914 954
f 913 954 953
f 914 915 955
f 914 955 954
f 915 916 956
f 915 956 955
f 916 917 957
f 916 957 956
f 917 918 958
f 917 958 957
f 918 919 959
f 918 959 958
f 919 920 960
f 919 960 959
f 920 881 921
f 920 921 960
f 921 922 962
f 921 962 961
f 922 923 963
f 922 963 962
f 923 924 964
f 923 964 963
f 924 925 965
f 924 965 964
f 925 926 966
f 925 966 965
f 926 927 967
f 926 967 966
f 927 928 968
f 927 968 967
f 928 929 969
f 928 969 968
f 929 930 970
f 929 970 969
f 930 931 971
f 930 971 970
f 931 932 972
f 931 972 971
f 932 933 973
f 932 973 972
f 933 934 974
f 933 974 973
f 934 935 975
f 934 975 974
f 935 936 976
f 935 976 975
f 936 937 977
f 936 977 976
f 937 938 978
f 937 978 977
f 938 939 979
f 938 979 978
f 939 940 980
f 939 980 979
f 940 941 981
f 940 981 980
f 941 942 982
f 941 982 981
f 942 943 983
f 942 983 982
f 943 944 984
f 943 984 983
f 944 945 985
f 944 985 984
f 945 946 986
f 945 986 985
f 946 947 987
f 946 987 986
f 947 948 988
f 947 988 987
f 948 949 989
f 948 989 988
f 949 950 990
f 949 990 989
f 950 951 991
f 950 991 990
f 951 952 992
f 951 992 991
f 952 953 993
f 952 993 992
f 953 954 994
f 953 994 993
f 954 955 995
f 954 995 994
f 955 956 996
f 955 996 995
f 956 957 997
f 956 997 996
f 957 958 998
f 957 998 997
f 958 959 999
f 958 999 998
f 959 960 1000
f 959 1000 999
f 960 921 961
f 960 961 1000
f 961 962 1002
f 961 1002 1001
f 962 963 1003
f 962 1003 1002
f 963 964 1004
f 963 1004 1003
f 964 965 1005
f 964 1005 1004
f 965 966 1006
f 965 1006 1005
f 966 967 1007
f 966 1007 1006
f 967 968 1008
f 967 1008 1007
f 968 969 1009
f 968 1009 1008
f 969 970 1010
f 969 1010 1009
f 970 971 1011
f 970 1011 1010
f 971 972 1012
f 971 1012 1011
f 972 973 1013
f 972 1013 1012
f 973 974 1014
f 973 1014 1013
f 974 975 1015
f 974 1015 1014
f 975 976 1016
f 975 1016 1015
f 976 977 1017
f 976 1017 1016
f 977 978 1018
f 977 1018 1017
f 978 979 1019
f 978 1019 1018
f 979 980 1020
f 979 1020 1019
f 980 981 1021
f 980 1021 1020
f 981 982 1022
f 981 1022 1021
f 982 983 1023
f 982 1023 1022
f 983 984 1024
f 983 1024 1023
f 984 985 1025
f 984 1025 1024
f 985 986 1026
f 985 1026 1025
f 986 987 1027
f 986 1027 1026
f 987 988 1028
f 987 1028 1027
f 988 989 1029
f 988 1029 1028
f 989 990 1030
f 989 1030 1029
f 990 991 1031
f 990 1031 1030
f 991 992 1032
f 991 1032 1031
f 992 993 1033
f 992 1033 1032
f 993 994 1034
f 993 1034 1033
f 994 995 1035
f 994 1035 1034
f 995 996 1036
f 995 1036 1035
f 996 997 1037
f 996 1037 1036
f 997 998 1038
f 997 1038 1037
f 998 999 1039
f 998 1039 1038
f 999 1000 1040
f 999 1040 1039
f 1000 961 1001
f 1000 1001 1040
f 1001 1002 1042
f 1001 1042 1041
f 1002 1003 1043
f 1002 1043 1042
f 1003 1004 1044
f 1003 1044 1043
f 1004 1005 1045
f 1004 1045 1044
f 1005 1006 1046
f 1005 1046 1045
f 1006 1007 1047
f 1006 1047 1046
f 1007 1008 1048
f 1007 1048 1047
f 1008 1009 1049
f 1008 1049 1048
f 1009 1010 1050
f 1009 1050 1049
f 1010 1011 1051
f 1010 1051 1050
f 1011 1012 1052
f 1011 1052 1051
f 1012 1013 1053
f 1012 1053 1052
f 1013 1014 1054
f 1013 1054 1053
f 1014 1015 1055
f 1014 1055 1054
f 1015 1016 1056
f 1015 1056 1055
f 1016 1017 1057
f 1016 1057 1056
f 1017 1018 1058
f 1017 1058 1057
f 1018 1019 1059
f 1018 1059 1058
f 1019 1020 1060
f 1019 1060 1059
f 1020 1021 1061
f 1020 1061 1060
f 1021 1022 1062
f 1021 1062 1061
f 1022 1023 1063
f 1022 1063 1062
f 1023 1024 1064
f 1023 1064 1063
f 1024 1025 1065
f 1024 1065 1064
f 1025 1026 1066
f 1025 1066 1065
f 1026 1027 1067
f 1026 1067 1066
f 1027 1028 1068
f 1027 1068 1067
f 1028 1029 1069
f 1028 1069 1068
f 1029 1030 1070
f 1029 1070 1069
f 1030 1031 1071
f 1030 1071 1070
f 1031 1032 1072
f 1031 1072 1071
f 1032 1033 1073
f 1032 1073 1072
f 1033 1034 1074
f 1033 1074 1073
f 1034 1035 1075
f 1034 1075 1074
f 1035 1036 1076
f 1035 1076 1075
f 1036 1037 1077
f 1036 1077 1076
f 1037 1038 1078
f 1037 1078 1077
f 1038 1039 1079
f 1038 1079 1078
f 1039 1040 1080
f 1039 1080 1079
f 1040 1001 1041
f 1040 1041 1080
f 1041 1042 1082
f 1041 1082 1081
f 1042 1043 1083
f 1042 1083 1082
f 1043 1044 1084
f 1043 1084 1083
f 1044 1045 1085
f 1044 1085 1084
f 1045 1046 1086
f 1045 1086 1085
f 1046 1047 1087
f 1046 1087 1086
f 1047 1048 1088
f 1047 1088 1087
f 1048 1049 1089
f 1048 1089 1088
f 1049 1050 1090
f 1049 1090 1089
f 1050 1051 1091
f 1050 1091 1090
f 1051 1052 1092
f 1051 1092 1091
f 1052 1053 1093
f 1052 1093 1092
f 1053 1054 1094
f 1053 1094 1093
f 1054 1055 1095
f 1054 1095 1094
f 1055 1056 1096
f 1055 1096 1095
f 1056 1057 1097
f 1056 1097 1096
f 1057 1058 1098
f 1057 1098 1097
f 1058 1059 1099
f 1058 1099 1098
f 1059 1060 1100
f 1059 1100 1099
f 1060 1061 1101
f 1060 1101 1100
f 1061 1062 1102
f 1061 1102 1101
f 1062 1063 1103
f 1062 1103 1102
f 1063 1064 1104
f 1063 1104 1103
f 1064 1065 1105
f 1064 1105 1104
f 1065 1066 1106
f 1065 1106 1105
f 1066 1067 1107
f 1066 1107 1106
f 1067 1068 1108
f 1067 1108 1107
f 1068 1069 1109
f 1068 1109 1108
f 1069 1070 1110
f 1069 1110 1109
f 1070 1071 1111
f 1070 1111 1110
f 1071 1072 1112
f 1071 1112 1111
f 1072 1073 1113
f 1072 1113 1112
f 1073 1074 1114
f 1073 1114 1113
f 1074 1075 1115
f 1074 1115 1114
f 1075 1076 1116
f 1075 1116 1115
f 1076 1077 1117
f 1076 1117 1116
f 1077 1078 1118
f 1077 1118 1117
f 1078 1079 1119
f 1078 1119 1118
f 1079 1080 1120
f 1079 1120 1119
f 1080 1041 1081
f 1080 1081 1120
f 1081 1082 1122
f 1081 1122 1121
f 1082 1083 1123
f 1082 1123 1122
f 1083 1084 1124
f 1083 1124 1123
f 1084 1085 1125
f 1084 1125 1124
f 1085 1086 1126
f 1085 1126 1125
f 1086 1087 1127
f 1086 1127 1126
f 1087 1088 1128
f 1087 1128 1127
f 1088 1089 1129
f 1088 1129 1128
f 1089 1090 1130
f 1089 1130 1129
f 1090 1091 1131
f 1090 1131 1130
f 1091 1092 1132
f 1091 1132 1131
f 1092 1093 1133
f 1092 1133 1132
f 1093 1094 1134
f 1093 1134 1133
f 1094 1095 1135
f 1094 1135 1134
f 1095 1096 1136
f 1095 1136 1135
f 1096 1097 1137
f 1096 1137 1136
f 1097 1098 1138
f 1097 1138 1137
f 1098 1099 1139
f 1098 1139 1138
f 1099 1100 1140
f 1099 1140 1139
f 1100 1101 1141
f 1100 1141 1140
f 1101 1102 1142
f 1101 1142 1141
f 1102 1103 1143
f 1102 1143 1142
f 1103 1104 1144
f 1103 1144 1143
f 1104 1105 1145
f 1104 1145 1144
f 1105 1106 1146
f 1105 1146 1145
f 1106 1107 1147
f 1106 1147 1146
f 1107 1108 1148
f 1107 1148 1147
f 1108 1109 1149
f 1108 1149 1148
f 1109 1110 1150
f 1109 1150 1149
f 1110 1111 1151
f 1110 1151 1150
f 1111 1112 1152
f 1111 1152 1151
f 1112 1113 1153
f 1112 1153 1152
f 1113 1114 1154
f 1113 1154 1153
f 1114 1115 1155
f 1114 1155 1154
f 1115 1116 1156
f 1115 1156 1155
f 1116 1117 1157
f 1116 1157 1156
f 1117 1118 1158
f 1117 1158 1157
f 1118 1119 1159
f 1118 1159 1158
f 1119 1120 1160
f 1119 1160 1159
f 1120 1081 1121
f 1120 1121 1160
f 1161 1162 1172
f 1161 1172 1171
f 1162 1163 1173
f 1162 1173 1172
f 1163 1164 1174
f 1163 1174 1173
f 1164 1165 1175
f 1164 1175 1174
f 1165 1166 1176
f 1165 1176 1175
f 1166 1167 1177
f 1166 1177 1176
f 1167 1168 1178
f 1167 1178 1177
f 1168 1169 1179
f 1168 1179 1178
f 1169 1170 1180
f 1169 1180 1179
f 1170 1161 1171
f 1170 1171 1180
f 1171 1172 1182
f 1171 1182 1181
f 1172 1173 1183
f 1172 1183 1182
f 1173 1174 1184
f 1173 1184 1183
f 1174 1175 1185
f 1174 1185 1184
f 1175 1176 1186
f 1175 1186 1185
f 1176 1177 1187
f 1176 1187 1186
f 1177 1178 1188
f 1177 1188 1187
f 1178 1179 1189
f 1178 1189 1188
f 1179 1180 1190
f 1179 1190 1189
f 1180 1171 1181
f 1180 1181 1190
f 1181 1182 1192
f 1181 1192 1191
f 1182 1183 1193
f 1182 1193 1192
f 1183 1184 1194
f 1183 1194 1193
f 1184 1185 1195
f 1184 1195 1194
f 1185 1186 1196
f 1185 1196 1195
f 1186 1187 1197
f 1186 1197 1196
f 1187 1188 1198
f 1187 1198 1197
f 1188 1189 1199
f 1188 1199 1198
f 1189 1190 1200
f 1189 1200 1199
f 1190 1181 1191
f 1190 1191 1200
f 1191 1192 1202
f 1191 1202 1201
f 1192 1193 1203
f 1192 1203 1202
f 1193 1194 1204
f 1193 1204 1203
f 1194 1195 1205
f 1194 1205 1204
f 1195 1196 1206
f 1195 1206 1205
f 1196 1197 1207
f 1196 1207 1206
f 1197 1198 1208
f 1197 1208 1207
f 1198 1199 1209
f 1198 1209 1208
f 1199 1200 1210
f 1199 1210 1209
f 1200 1191 1201
f 1200 1201 1210
f 1201 1202 1212
f 1201 1212 1211
f 1202 1203 1213
f 1202 1213 1212
f 1203 1204 1214
f 1203 1214 1213
f 1204 1205 1215
f 1204 1215 1214
f 1205 1206 1216
f 1205 1216 1215
f 1206 1207 1217
f 1206 1217 1216
f 1207 1208 1218
f 1207 1218 1217
f 1208 1209 1219
f 1208 1219 1218
f 1209 1210 1220
f 1209 1220 1219
f 1210 1201 1211
f 1210 1211 1220
f 1211 1212 1222
f 1211 1222 1221
f 1212 1213 1223
f 1212 1223 1222
f 1213 1214 1224
f 1213 1224 1223
f 1214 1215 1225
f 1214 1225 1224
f 1215 1216 1226
f 1215 1226 1225
f 1216 1217 1227
f 1216 1227 1226
f 1217 1218 1228
f 1217 1228 1227
f 1218 1219 1229
f 1218 1229 1228
f 1219 1220 1230
f 1219 1230 1229
f 1220 1211 1221
f 1220 1221 1230
f 1221 1222 1232
f 1221 1232 1231
f 1222 1223 1233
f 1222 1233 1232
f 1223 1224 1234
f 1223 1234 1233
f 1224 1225 1235
f 1224 1235 1234
f 1225 1226 1236
f 1225 1236 1235
f 1226 1227 1237
f 1226 1237 1236
f 1227 1228 1238
f 1227 1238 1237
f 1228 1229 1239
f 1228 1239 1238
f 1229 1230 1240
f 1229 1240 1239
f 1230 1221 1231
f 1230 1231 1240
f 1231 1232 1242
f 1231 1242 1241
f 1232 1233 1243
f 1232 1243 1242
f 1233 1234 1244
f 1233 1244 1243
f 1234 1235 1245
f 1234 1245 1244
f 1235 1236 1246
f 1235 1246 1245
f 1236 1237 1247
f 1236 1247 1246
f 1237 1238 1248
f 1237 1248 1247
f 1238 1239 1249
f 1238 1249 1248
f 1239 1240 1250
f 1239 1250 1249
f 1240 1231 1241
f 1240 1241 1250
f 1241 1242 1252
f 1241 1252 1251
f 1242 1243 1253
f 1242 1253 1252
f 1243 1244 1254
f 1243 1254 1253
f 1244 1245 1255
f 1244 1255 1254
f 1245 1246 1256
f 1245 1256 1255
f 1246 1247 1257
f 1246 1257 1256
f 1247 1248 1258
f 1247 1258 1257
f 1248 1249 1259
f 1248 1259 1258
f 1249 1250 1260
f 1249 1260 1259
f 1250 1241 1251
f 1250 1251 1260
f 1251 1252 1262
f 1251 1262 1261
f 1252 1253 1263
f 1252 1263 1262
f 1253 1254 1264
f 1253 1264 1263
f 1254 1255 1265
f 1254 1265 1264
f 1255 1256 1266
f 1255 1266 1265
f 1256 1257 1267
f 1256 1267 1266
f 1257 1258 1268
f 1257 1268 1267
f 1258 1259 1269
f 1258 1269 1268
f 1259 1260 1270
f 1259 1270 1269
f 1260 1251 1261
f 1260 1261 1270
f 1261 1262 1272
f 1261 1272 1271
f 1262 1263 1273
f 1262 1273 1272
f 1263 1264 1274
f 1263 1274 1273
f 1264 1265 1275
f 1264 1275 1274
f 1265 1266 1276
f 1265 1276 1275
f 1266 1267 1277
f 1266 1277 1276
f 1267 1268 1278
f 1267 1278 1277
f 1268 1269 1279
f 1268 1279 1278
f 1269 1270 1280
f 1269 1280 1279
f 1270 1261 1271
f 1270 1271 1280
f 1271 1272 1282
f 1271 1282 1281
f 1272 1273 1283
f 1272 1283 1282
f 1273 1274 1284
f 1273 1284 1283
f 1274 1275 1285
f 1274 1285 1284
f 1275 1276 1286
f 1275 1286 1285
f 1276 1277 1287
f 1276 1287 1286
f 1277 1278 1288
f 1277 1288 1287
f 1278 1279 1289
f 1278 1289 1288
f 1279 1280 1290
f 1279 1290 1289
f 1280 1271 1281
f 1280 1281 1290
f 1281 1282 1292
f 1281 1292 1291
f 1282 1283 1293
f 1282 1293 1292
f 1283 1284 1294
f 1283 1294 1293
f 1284 1285 1295
f 1284 1295 1294
f 1285 1286 1296
f 1285 1296 1295
f 1286 1287 1297
f 1286 1297 1296
f 1287 1288 1298
f 1287 1298 1297
f 1288 1289 1299
f 1288 1299 1298
f 1289 1290 1300
f 1289 1300 1299
f 1290 1281 1291
f 1290 1291 1300
f 1291 1292 1302
f 1291 1302 1301
f 1292 1293 1303
f 1292 1303 1302
f 1293 1294 1304
f 1293 1304 1303
f 1294 1295 1305
f 1294 1305 1304
f 1295 1296 1306
f 1295 1306 1305
f 1296 1297 1307
f 1296 1307 1306
f 1297 1298 1308
f 1297 1308 1307
f 1298 1299 1309
f 1298 1309 1308
f 1299 1300 1310
f 1299 1310 1309
f 1300 1291 1301
f 1300 1301 1310
f 1301 1302 1312
f 1301 1312 1311
f 1302 1303 1313
f 1302 1313 1312
f 1303 1304 1314
f 1303 1314 1313
f 1304 1305 1315
f 1304 1315 1314
f 1305 1306 1316
f 1305 1316 1315
f 1306 1307 1317
f 1306 1317 1316
f 1307 1308 1318
f 1307 1318 1317
f 1308 1309 1319
f 1308 1319 1318
f 1309 1310 1320
f 1309 1320 1319
f 1310 1301 1311
f 1310 1311 1320
f 1311 1312 1322
f 1311 1322 1321
f 1312 1313 1323
f 1312 1323 1322
f 1313 1314 1324
f 1313 1324 1323
f 1314 1315 1325
f 1314 1325 1324
f 1315 1316 1326
f 1315 1326 1325
f 1316 1317 1327
f 1316 1327 1326
f 1317 1318 1328
f 1317 1328 1327
f 1318 1319 1329
f 1318 1329 1328
f 1319 1320 1330
f 1319 1330 1329
f 1320 1311 1321
f 1320 1321 1330
f 1321 1322 1332
f 1321 1332 1331
f 1322 1323 1333
f 1322 1333 1332
f 1323 1324 1334
f 1323 1334 1333
f 1324 1325 1335
f 1324 1335 1334
f 1325 1326 1336
f 1325 1336 1335
f 1326 1327 1337
f 1326 1337 1336
f 1327 1328 1338
f 1327 1338 1337
f 1328 1329 1339
f 1328 1339 1338
f 1329 1330 1340
f 1329 1340 1339
f 1330 1321 1331
f 1330 1331 1340
f 1331 1332 1342
f 1331 1342 1341
f 1332 1333 1343
f 1332 1343 1342
f 1333 1334 1344
f 1333 1344 1343
f 1334 1335 1345
f 1334 1345 1344
f 1335 1336 1346
f 1335 1346 1345
f 1336 1337 1347
f 1336 1347 1346
f 1337 1338 1348
f 1337 1348 1347
f 1338 1339 1349
f 1338 1349 1348
f 1339 1340 1350
f 1339 1350 1349
f 1340 1331 1341
f 1340 1341 1350
f 1341 1342 1352
f 1341 1352 1351
f 1342 1343 1353
f 1342 1353 1352
f 1343 1344 1354
f 1343 1354 1353
f 1344 1345 1355
f 1344 1355 1354
f 1345 1346 1356
f 1345 1356 1355
f 1346 1347 1357
f 1346 1357 1356
f 1347 1348 1358
f 1347 1358 1357
f 1348 1349 1359
f 1348 1359 1358
f 1349 1350 1360
f 1349 1360 1359
f 1350 1341 1351
f 1350 1351 1360
f 1351 1352 1362
f 1351 1362 1361
f 1352 1353 1363
f 1352 1363 1362
f 1353 1354 1364
f 1353 1364 1363
f 1354 1355 1365
f 1354 1365 1364
f 1355 1356 1366
f 1355 1366 1365
f 1356 1357 1367
f 1356 1367 1366
f 1357 1358 1368
f 1357 1368 1367
f 1358 1359 1369
f 1358 1369 1368
f 1359 1360 1370
f 1359 1370 1369
f 1360 1351 1361
f 1360 1361 1370
f 1361 1362 1372
f 1361 1372 1371
f 1362 1363 1373
f 1362 1373 1372
f 1363 1364 1374
f 1363 1374 1373
f 1364 1365 1375
f 1364 1375 1374
f 1365 1366 1376
f 1365 1376 1375
f 1366 1367 1377
f 1366 1377 1376
f 1367 1368 1378
f 1367 1378 1377
f 1368 1369 1379
f 1368 1379 1378
f 1369 1370 1380
f 1369 1380 1379
f 1370 1361 1371
f 1370 1371 1380
f 1371 1372 1382
f 1371 1382 1381
f 1372 1373 1383
f 1372 1383 1382
f 1373 1374 1384
f 1373 1384 1383
f 1374 1375 1385
f 1374 1385 1384
f 1375 1376 1386
f 1375 1386 1385
f 1376 1377 1387
f 1376 1387 1386
f 1377 1378 1388
f 1377 1388 1387
f 1378 1379 1389
f 1378 1389 1388
f 1379 1380 1390
f 1379 1390 1389
f 1380 1371 1381
f 1380 1381 1390
f 1381 1382 1392
f 1381 1392 1391
f 1382 1383 1393
f 1382 1393 1392
f 1383 1384 1394
f 1383 1394 1393
f 1384 1385 1395
f 1384 1395 1394
f 1385 1386 1396
f 1385 1396 1395
f 1386 1387 1397
f 1386 1397 1396
f 1387 1388 1398
f 1387 1398 1397
f 1388 1389 1399
f 1388 1399 1398
f 1389 1390 1400
f 1389 1400 1399
f 1390 1381 1391
f 1390 1391 1400
f 1391 1392 1402
f 1391 1402 1401
f 1392 1393 1403
f 1392 1403 1402
f 1393 1394 1404
f 1393 1404 1403
f 1394 1395 1405
f 1394 1405 1404
f 1395 1396 1406
f 1395 1406 1405
f 1396 1397 1407
f 1396 1407 1406
f 1397 1398 1408
f 1397 1408 1407
f 1398 1399 1409
f 1398 1409 1408
f 1399 1400 1410
f 1399 1410 1409
f 1400 1391 1401
f 1400 1401 1410
f 1401 1402 1412
f 1401 1412 1411
f 1402 1403 1413
f 1402 1413 1412
f 1403 1404 1414
f 1403 1414 1413
f 1404 1405 1415
f 1404 1415 1414
f 1405 1406 1416
f 1405 1416 1415
f 1406 1407 1417
f 1406 1417 1416
f 1407 1408 1418
f 1407 1418 1417
f 1408 1409 1419
f 1408 1419 1418
f 1409 1410 1420
f 1409 1420 1419
f 1410 1401 1411
f 1410 1411 1420
f 1411 1412 1422
f 1411 1422 1421
f 1412 1413 1423
f 1412 1423 1422
f 1413 1414 1424
f 1413 1424 1423
f 1414 1415 1425
f 1414 1425 1424
f 1415 1416 1426
f 1415 1426 1425
f 1416 1417 1427
f 1416 1427 1426
f 1417 1418 1428
f 1417 1428 1427
f 1418 1419 1429
f 1418 1429 1428
f 1419 1420 1430
f 1419 1430 1429
f 1420 1411 1421
f 1420 1421 1430
f 1421 1422 1432
f 1421 1432 1431
f 1422 1423 1433
f 1422 1433 1432
f 1423 1424 1434
f 1423 1434 1433
f 1424 1425 1435
f 1424 1435 1434
f 1425 1426 1436
f 1425 1436 1435
f 1426 1427 1437
f 1426 1437 1436
f 1427 1428 1438
f 1427 1438 1437
f 1428 1429 1439
f 1428 1439 1438
f 1429 1430 1440
f 1429 1440 1439
f 1430 1421 1431
f 1430 1431 1440
f 1431 1432 1442
f 1431 1442 1441
f 1432 1433 1443
f 1432 1443 1442
f 1433 1434 1444
f 1433 1444 1443
f 1434 1435 1445
f 1434 1445 1444
f 1435 1436 1446
f 1435 1446 1445
f 1436 1437 1447
f 1436 1447 1446
f 1437 1438 1448
f 1437 1448 1447
f 1438 1439 1449
f 1438 1449 1448
f 1439 1440 1450
f 1439 1450 1449
f 1440 1431 1441
f 1440 1441 1450
f 1441 1442 1452
f 1441 1452 1451
f 1442 1443 1453
f 1442 1453 1452
f 1443 1444 1454
f 1443 1454 1453
f 1444 1445 1455
f 1444 1455 1454
f 1445 1446 1456
f 1445 1456 1455
f 1446 1447 1457
f 1446 1457 1456
f 1447 1448 1458
f 1447 1458 1457
f 1448 1449 1459
f 1448 1459 1458
f 1449 1450 1460
f 1449 1460 1459
f 1450 1441 1451
f 1450 1451 1460
f 1451 1452 1462
f 1451 1462 1461
f 1452 1453 1463
f 1452 1463 1462
f 1453 1454 1464
f 1453 1464 1463
f 1454 1455 1465
f 1454 1465 1464
f 1455 1456 1466
f 1455 1466 1465
f 1456 1457 1467
f 1456 1467 1466
f 1457 1458 1468
f 1457 1468 1467
f 1458 1459 1469
f 1458 1469 1468
f 1459 1460 1470
f 1459 1470 1469
f 1460 1451 1461
f 1460 1461 1470
f 1461 1462 1472
f 1461 1472 1471
f 1462 1463 1473
f 1462 1473 1472
f 1463 1464 1474
f 1463 1474 1473
f 1464 1465 1475
f 1464 1475 1474
f 1465 1466 1476
f 1465 1476 1475
f 1466 1467 1477
f 1466 1477 1476
f 1467 1468 1478
f 1467 1478 1477
f 1468 1469 1479
f 1468 1479 1478
f 1469 1470 1480
f 1469 1480 1479
f 1470 1461 1471
f 1470 1471 1480
f 1471 1472 1482
f 1471 1482 1481
f 1472 1473 1483
f 1472 1483 1482
f 1473 1474 1484
f 1473 1484 1483
f 1474 1475 1485
f 1474 1485 1484
f 1475 1476 1486
f 1475 1486 1485
f 1476 1477 1487
f 1476 1487 1486
f 1477 1478 1488
f 1477 1488 1487
f 1478 1479 1489
f 1478 1489 1488
f 1479 1480 1490
f 1479 1490 1489
f 1480 1471 1481
f 1480 1481 1490
f 1481 1482 1492
f 1481 1492 1491
f 1482 1483 1493
f 1482 1493 1492
f 1483 1484 1494
f 1483 1494 1493
f 1484 1485 1495
f 1484 1495 1494
f 1485 1486 1496
f 1485 1496 1495
f 1486 1487 1497
f 1486 1497 1496
f 1487 1488 1498
f 1487 1498 1497
f 1488 1489 1499
f 1488 1499 1498
f 1489 1490 1500
f 1489 1500 1499
f 1490 1481 1491
f 1490 1491 1500
f 1491 1492 1502
f 1491 1502 1501
f 1492 1493 1503
f 1492 1503 1502
f 1493 1494 1504
f 1493 1504 1503
f 1494 1495 1505
f 1494 1505 1504
f 1495 1496 1506
f 1495 1506 1505
f 1496 1497 1507
f 1496 1507 1506
f 1497 1498 1508
f 1497 1508 1507
f 1498 1499 1509
f 1498 1509 1508
f 1499 1500 1510
f 1499 1510 1509
f 1500 1491 1501
f 1500 1501 1510
f 1501 1502 1512
f 1501 1512 1511
f 1502 1503 1513
f 1502 1513 1512
f 1503 1504 1514
f 1503 1514 1513
f 1504 1505 1515
f 1504 1515 1514
f 1505 1506 1516
f 1505 1516 1515
f 1506 1507 1517
f 1506 1517 1516
f 1507 1508 1518
f 1507 1518 1517
f 1508 1509 1519
f 1508 1519 1518
f 1509 1510 1520
f 1509 1520 1519
f 1510 1501 1511
f 1510 1511 1520
f 1511 1512 1522
f 1511 1522 1521
f 1512 1513 1523
f 1512 1523 1522
f 1513 1514 1524
f 1513 1524 1523
f 1514 1515 1525
f 1514 1525 1524
f 1515 1516 1526
f 1515 1526 1525
f 1516 1517 1527
f 1516 1527 1526
f 1517 1518 1528
f 1517 1528 1527
f 1518 1519 1529
f 1518 1529 1528
f 1519 1520 1530
f 1519 1530 1529
f 1520 1511 1521
f 1520 1521 1530
f 1521 1522 1532
f 1521 1532 1531
f 1522 1523 1533
f 1522 1533 1532
f 1523 1524 1534
f 1523 1534 1533
f 1524 1525 1535
f 1524 1535 1534
f 1525 1526 1536
f 1525 1536 1535
f 1526 1527 1537
f 1526 1537 1536
f 1527 1528 1538
f 1527 1538 1537
f 1528 1529 1539
f 1528 1539 1538
f 1529 1530 1540
f 1529 1540 1539
f 1530 1521 1531
f 1530 1531 1540
f 1531 1532 1542
f 1531 1542 1541
f 1532 1533 1543
f 1532 1543 1542
f 1533 1534 1544
f 1533 1544 1543
f 1534 1535 1545
f 1534 1545 1544
f 1535 1536 1546
f 1535 1546 1545
f 1536 1537 1547
f 1536 1547 1546
f 1537 1538 1548
f 1537 1548 1547
f 1538 1539 1549
f 1538 1549 1548
f 1539 1540 1550
f 1539 1550 1549
f 1540 1531 1541
f 1540 1541 1550
f 1541 1542 1552
f 1541 1552 1551
f 1542 1543 1553
f 1542 1553 1552
f 1543 1544 1554
f 1543 1554 1553
f 1544 1545 1555
f 1544 1555 1554
f 1545 1546 1556
f 1545 1556 1555
f 1546 1547 1557
f 1546 1557 1556
f 1547 1548 1558
f 1547 1558 1557
f 1548 1549 1559
f 1548 1559 1558
f 1549 1550 1560
f 1549 1560 1559
f 1550 1541 1551
f 1550 1551 1560
f 1551 1552 1562
f 1551 1562 1561
f 1552 1553 1563
f 1552 1563 1562
f 1553 1554 1564
f 1553 1564 1563
f 1554 1555 1565
f 1554 1565 1564
f 1555 1556 1566
f 1555 1566 1565
f 1556 1557 1567
f 1556 1567 1566
f 1557 1558 1568
f 1557 1568 1567
f 1558 1559 1569
f 1558 1569 1568
f 1559 1560 1570
f 1559 1570 1569
f 1560 1551 1561
f 1560 1561 1570
f 1561 1562 1572
f 1561 1572 1571
f 1562 1563 1573
f 1562 1573 1572
f 1563 1564 1574
f 1563 1574 1573
f 1564 1565 1575
f 1564 1575 1574
f 1565 1566 1576
f 1565 1576 1575
f 1566 1567 1577
f 1566 1577 1576
f 1567 1568 1578
f 1567 1578 1577
f 1568 1569 1579
f 1568 1579 1578
f 1569 1570 1580
f 1569 1580 1579
f 1570 1561 1571
f 1570 1571 1580
f 1571 1572 1582
f 1571 1582 1581
f 1572 1573 1583
f 1572 1583 1582
f 1573 1574 1584
f 1573 1584 1583
f 1574 1575 1585
f 1574 1585 1584
f 1575 1576 1586
f 1575 1586 1585
f 1576 1577 1587
f 1576 1587 1586
f 1577 1578 1588
f 1577 1588 1587
f 1578 1579 1589
f 1578 1589 1588
f 1579 1580 1590
f 1579 1590 1589
f 1580 1571 1581
f 1580 1581 1590
f 1581 1582 1592
f 1581 1592 1591
f 1582 1583 1593
f 1582 1593 1592
f 1583 1584 1594
f 1583 1594 1593
f 1584 1585 1595
f 1584 1595 1594
f 1585 1586 1596
f 1585 1596 1595
f 1586 1587 1597
f 1586 1597 1596
f 1587 1588 1598
f 1587 1598 1597
f 1588 1589 1599
f 1588 1599 1598
f 1589 1590 1600
f 1589 1600 1599
f 1590 1581 1591
f 1590 1591 1600
f 1591 1592 1602
f 1591 1602 1601
f 1592 1593 1603
f 1592 1603 1602
f 1593 1594 1604
f 1593 1604 1603
f 1594 1595 1605
f 1594 1605 1604
f 1595 1596 1606
f 1595 1606 1605
f 1596 1597 1607
f 1596 1607 1606
f 1597 1598 1608
f 1597 1608 1607
f 1598 1599 1609
f 1598 1609 1608
f 1599 1600 1610
f 1599 1610 1609
f 1600 1591 1601
f 1600 1601 1610
f 1601 1602 1612
f 1601 1612 1611
f 1602 1603 1613
f 1602 1613 1612
f 1603 1604 1614
f 1603 1614 1613
f 1604 1605 1615
f 1604 1615 1614
f 1605 1606 1616
f 1605 1616 1615
f 1606 1607 1617
f 1606 1617 1616
f 1607 1608 1618
f 1607 1618 1617
f 1608 1609 1619
f 1608 1619 1618
f 1609 1610 1620
f 1609 1620 1619
f 1610 1601 1611
f 1610 1611 1620
f 1611 1612 1622
f 1611 1622 1621
f 1612 1613 1623
f 1612 1623 1622
f 1613 1614 1624
f 1613 1624 1623
f 1614 1615 1625
f 1614 1625 1624
f 1615 1616 1626
f 1615 1626 1625
f 1616 1617 1627
f 1616 1627 1626
f 1617 1618 1628
f 1617 1628 1627
f 1618 1619 1629
f 1618 1629 1628
f 1619 1620 1630
f 1619 1630 1629
f 1620 1611 1621
f 1620 1621 1630
f 1621 1622 1632
f 1621 1632 1631
f 1622 1623 1633
f 1622 1633 1632
f 1623 1624 1634
f 1623 1634 1633
f 1624 1625 1635
f 1624 1635 1634
f 1625 1626 1636
f 1625 1636 1635
f 1626 1627 1637
f 1626 1637 1636
f 1627 1628 1638
f 1627 1638 1637
f 1628 1629 1639
f 1628 1639 1638
f 1629 1630 1640
f 1629 1640 1639
f 1630 1621 1631
f 1630 1631 1640
f 1631 1632 1642
f 1631 1642 1641
f 1632 1633 1643
f 1632 1643 1642
f 1633 1634 1644
f 1633 1644 1643
f 1634 1635 1645
f 1634 1645 1644
f 1635 1636 1646
f 1635 1646 1645
f 1636 1637 1647
f 1636 1647 1646
f 1637 1638 1648
f 1637 1648 1647
f 1638 1639 1649
f 1638 1649 1648
f 1639 1640 1650
f 1639 1650 1649
f 1640 1631 1641
f 1640 1641 1650
f 1641 1642 1652
f 1641 1652 1651
f 1642 1643 1653
f 1642 1653 1652
f 1643 1644 1654
f 1643 1654 1653
f 1644 1645 1655
f 1644 1655 1654
f 1645 1646 1656
f 1645 1656 1655
f 1646 1647 1657
f 1646 1657 1656
f 1647 1648 1658
f 1647 1658 1657
f 1648 1649 1659
f 1648 1659 1658
f 1649 1650 1660
f 1649 1660 1659
f 1650 1641 1651
f 1650 1651 1660
f 1651 1652 1662
f 1651 1662 1661
f 1652 1653 1663
f 1652 1663 1662
f 1653 1654 1664
f 1653 1664 1663
f 1654 1655 1665
f 1654 1665 1664
f 1655 1656 1666
f 1655 1666 1665
f 1656 1657 1667
f 1656 1667 1666
f 1657 1658 1668
f 1657 1668 1667
f 1658 1659 1669
f 1658 1669 1668
f 1659 1660 1670
f 1659 1670 1669
f 1660 1651 1661
f 1660 1661 1670
f 1661 1662 1672
f 1661 1672 1671
f 1662 1663 1673
f 1662 1673 1672
f 1663 1664 1674
f 1663 1674 1673
f 1664 1665 1675
f 1664 1675 1674
f 1665 1666 1676
f 1665 1676 1675
f 1666 1667 1677
f 1666 1677 1676
f 1667 1668 1678
f 1667 1678 1677
f 1668 1669 1679
f 1668 1679 1678
f 1669 1670 1680
f 1669 1680 1679
f 1670 1661 1671
f 1670 1671 1680
f 1671 1672 1682
f 1671 1682 1681
f 1672 1673 1683
f 1672 1683 1682
f 1673 1674 1684
f 1673 1684 1683
f 1674 1675 1685
f 1674 1685 1684
f 1675 1676 1686
f 1675 1686 1685
f 1676 1677 1687
f 1676 1687 1686
f 1677 1678 1688
f 1677 1688 1687
f 1678 1679 1689
f 1678 1689 1688
f 1679 1680 1690
f 1679 1690 1689
f 1680 1671 1681
f 1680 1681 1690
f 1681 1682 1692
f 1681 1692 1691
f 1682 1683 1693
f 1682 1693 1692
f 1683 1684 1694
f 1683 1694 1693
f 1684 1685 1695
f 1684 1695 1694
f 1685 1686 1696
f 1685 1696 1695
f 1686 1687 1697
f 1686 1697 1696
f 1687 1688 1698
f 1687 1698 1697
f 1688 1689 1699
f 1688 1699 1698
f 1689 1690 1700
f 1689 1700 1699
f 1690 1681 1691
f 1690 1691 1700
f 1691 1692 1702
f 1691 1702 1701
f 1692 1693 1703
f 1692 1703 1702
f 1693 1694 1704
f 1693 1704 1703
f 1694 1695 1705
f 1694 1705 1704
f 1695 1696 1706
f 1695 1706 1705
f 1696 1697 1707
f 1696 1707 1706
f 1697 1698 1708
f 1697 1708 1707
f 1698 1699 1709
f 1698 1709 1708
f 1699 1700 1710
f 1699 1710 1709
f 1700 1691 1701
f 1700 1701 1710
f 1701 1702 1712
f 1701 1712 1711
f 1702 1703 1713
f 1702 1713 1712
f 1703 1704 1714
f 1703 1714 1713
f 1704 1705 1715
f 1704 1715 1714
f 1705 1706 1716
f 1705 1716 1715
f 1706 1707 1717
f 1706 1717 1716
f 1707 1708 1718
f 1707 1718 1717
f 1708 1709 1719
f 1708 1719 1718
f 1709 1710 1720
f 1709 1720 1719
f 1710 1701 1711
f 1710 1711 1720
f 1711 1712 1722
f 1711 1722 1721
f 1712 1713 1723
f 1712 1723 1722
f 1713 1714 1724
f 1713 1724 1723
f 1714 1715 1725
f 1714 1725 1724
f 1715 1716 1726
f 1715 1726 1725
f 1716 1717 1727
f 1716 1727 1726
f 1717 1718 1728
f 1717 1728 1727
f 1718 1719 1729
f 1718 1729 1728
f 1719 1720 1730
f 1719 1730 1729
f 1720 1711 1721
f 1720 1721 1730
f 1721 1722 1732
f 1721 1732 1731
f 1722 1723 1733
f 1722 1733 1732
f 1723 1724 1734
f 1723 1734 1733
f 1724 1725 1735
f 1724 1735 1734
f 1725 1726 1736
f 1725 1736 1735
f 1726 1727 1737
f 1726 1737 1736
f 1727 1728 1738
f 1727 1738 1737
f 1728 1729 1739
f 1728 1739 1738
f 1729 1730 1740
f 1729 1740 1739
f 1730 1721 1731
f 1730 1731 1740
f 1731 1732 1742
f 1731 1742 1741
f 1732 1733 1743
f 1732 1743 1742
f 1733 1734 1744
f 1733 1744 1743
f 1734 1735 1745
f 1734 1745 1744
f 1735 1736 1746
f 1735 1746 1745
f 1736 1737 1747
f 1736 1747 1746
f 1737 1738 1748
f 1737 1748 1747
f 1738 1739 1749
f 1738 1749 1748
f 1739 1740 1750
f 1739 1750 1749
f 1740 1731 1741
f 1740 1741 1750
f 1741 1742 1752
f 1741 1752 1751
f 1742 1743 1753
f 1742 1753 1752
f 1743 1744 1754
f 1743 1754 1753
f 1744 1745 1755
f 1744 1755 1754
f 1745 1746 1756
f 1745 1756 1755
f 1746 1747 1757
f 1746 1757 1756
f 1747 1748 1758
f 1747 1758 1757
f 1748 1749 1759
f 1748 1759 1758
f 1749 1750 1760
f 1749 1760 1759
f 1750 1741 1751
f 1750 1751 1760
f 1751 1752 1762
f 1751 1762 1761
f 1752 1753 1763
f 1752 1763 1762
f 1753 1754 1764
f 1753 1764 1763
f 1754 1755 1765
f 1754 1765 1764
f 1755 1756 1766
f 1755 1766 1765
f 1756 1757 1767
f 1756 1767 1766
f 1757 1758 1768
f 1757 1768 1767
f 1758 1759 1769
f 1758 1769 1768
f 1759 1760 1770
f 1759 1770 1769
f 1760 1751 1761
f 1760 1761 1770
f 1761 1762 1772
f 1761 1772 1771
f 1762 1763 1773
f 1762 1773 1772
f 1763 1764 1774
f 1763 1774 1773
f 1764 1765 1775
f 1764 1775 1774
f 1765 1766 1776
f 1765 1776 1775
f 1766 1767 1777
f 1766 1777 1776
f 1767 1768 1778
f 1767 1778 1777
f 1768 1769 1779
f 1768 1779 1778
f 1769 1770 1780
f 1769 1780 1779
f 1770 1761 1771
f 1770 1771 1780
f 1771 1772 1782
f 1771 1782 1781
f 1772 1773 1783
f 1772 1783 1782
f 1773 1774 1784
f 1773 1784 1783
f 1774 1775 1785
f 1774 1785 1784
f 1775 1776 1786
f 1775 1786 1785
f 1776 1777 1787
f 1776 1787 1786
f 1777 1778 1788
f 1777 1788 1787
f 1778 1779 1789
f 1778 1789 1788
f 1779 1780 1790
f 1779 1790 1789
f 1780 1771 1781
f 1780 1781 1790
f 1781 1782 1792
f 1781 1792 1791
f 1782 1783 1793
f 1782 1793 1792
f 1783 1784 1794
f 1783 1794 1793
f 1784 1785 1795
f 1784 1795 1794
f 1785 1786 1796
f 1785 1796 1795
f 1786 1787 1797
f 1786 1797 1796
f 1787 1788 1798
f 1787 1798 1797
f 1788 1789 1799
f 1788 1799 1798
f 1789 1790 1800
f 1789 1800 1799
f 1790 1781 1791
f 1790 1791 1800
f 1791 1792 1162
f 1791 1162 1161
f 1792 1793 1163
f 1792 1163 1162
f 1793 1794 1164
f 1793 1164 1163
f 1794 1795 1165
f 1794 1165 1164
f 1795 1796 1166
f 1795 1166 1165
f 1796 1797 1167
f 1796 1167 1166
f 1797 1798 1168
f 1797 1168 1167
f 1798 1799 1169
f 1798 1169 1168
f 1799 1800 1170
f 1799 1170 1169
f 1800 1791 1161
f 1800 1161 1170
f 1801 1802 1812
f 1801 1812 1811
f 1802 1803 1813
f 1802 1813 1812
f 1803 1804 1814
f 1803 1814 1813
f 1804 1805 1815
f 1804 1815 1814
f 1805 1806 1816
f 1805 1816 1815
f 1806 1807 1817
f 1806 1817 1816
f 1807 1808 1818
f 1807 1818 1817
f 1808 1809 1819
f 1808 1819 1818
f 1809 1810 1820
f 1809 1820 1819
f 1810 1801 1811
f 1810 1811 1820
f 1811 1812 1822
f 1811 1822 1821
f 1812 1813 1823
f 1812 1823 1822
f 1813 1814 1824
f 1813 1824 1823
f 1814 1815 1825
f 1814 1825 1824
f 1815 1816 1826
f 1815 1826 1825
f 1816 1817 1827
f 1816 1827 1826
f 1817 1818 1828
f 1817 1828 1827
f 1818 1819 1829
f 1818 1829 1828
f 1819 1820 1830
f 1819 1830 1829
f 1820 1811 1821
f 1820 1821 1830
f 1821 1822 1832
f 1821 1832 1831
f 1822 1823 1833
f 1822 1833 1832
f 1823 1824 1834
f 1823 1834 1833
f 1824 1825 1835
f 1824 1835 1834
f 1825 1826 1836
f 1825 1836 1835
f 1826 1827 1837
f 1826 1837 1836
f 1827 1828 1838
f 1827 1838 1837
f 1828 1829 1839
f 1828 1839 1838
f 1829 1830 1840
f 1829 1840 1839
f 1830 1821 1831
f 1830 1831 1840
f 1831 1832 1842
f 1831 1842 1841
f 1832 1833 1843
f 1832 1843 1842
f 1833 1834 1844
f 1833 1844 1843
f 1834 1835 1845
f 1834 1845 1844
f 1835 1836 1846
f 1835 1846 1845
f 1836 1837 1847
f 1836 1847 1846
f 1837 1838 1848
f 1837 1848 1847
f 1838 1839 1849
f 1838 1849 1848
f 1839 1840 1850
f 1839 1850 1849
f 1840 1831 1841
f 1840 1841 1850
f 1841 1842 1852
f 1841 1852 1851
f 1842 1843 1853
f 1842 1853 1852
f 1843 1844 1854
f 1843 1854 1853
f 1844 1845 1855
f 1844 1855 1854
f 1845 1846 1856
f 1845 1856 1855
f 1846 1847 1857
f 1846 1857 1856
f 1847 1848 1858
f 1847 1858 1857
f 1848 1849 1859
f 1848 1859 1858
f 1849 1850 1860
f 1849 1860 1859
f 1850 1841 1851
f 1850 1851 1860
f 1851 1852 1862
f 1851 1862 1861
f 1852 1853 1863
f 1852 1863 1862
f 1853 1854 1864
f 1853 1864 1863
f 1854 1855 1865
f 1854 1865 1864
f 1855 1856 1866
f 1855 1866 1865
f 1856 1857 1867
f 1856 1867 1866
f 1857 1858 1868
f 1857 1868 1867
f 1858 1859 1869
f 1858 1869 1868
f 1859 1860 1870
f 1859 1870 1869
f 1860 1851 1861
f 1860 1861 1870
f 1861 1862 1872
f 1861 1872 1871
f 1862 1863 1873
f 1862 1873 1872
f 1863 1864 1874
f 1863 1874 1873
f 1864 1865 1875
f 1864 1875 1874
f 1865 1866 1876
f 1865 1876 1875
f 1866 1867 1877
f 1866 1877 1876
f 1867 1868 1878
f 1867 1878 1877
f 1868 1869 1879
f 1868 1879 1878
f 1869 1870 1880
f 1869 1880 1879
f 1870 1861 1871
f 1870 1871 1880
f 1871 1872 1882
f 1871 1882 1881
f 1872 1873 1883
f 1872 1883 1882
f 1873 1874 1884
f 1873 1884 1883
f 1874 1875 1885
f 1874 1885 1884
f 1875 1876 1886
f 1875 1886 1885
f 1876 1877 1887
f 1876 1887 1886
f 1877 1878 1888
f 1877 1888 1887
f 1878 1879 1889
f 1878 1889 1888
f 1879 1880 1890
f 1879 1890 1889
f 1880 1871 1881
f 1880 1881 1890
f 1881 1882 1892
f 1881 1892 1891
f 1882 1883 1893
f 1882 1893 1892
f 1883 1884 1894
f 1883 1894 1893
f 1884 1885 1895
f 1884 1895 1894
f 1885 1886 1896
f 1885 1896 1895
f 1886 1887 1897
f 1886 1897 1896
f 1887 1888 1898
f 1887 1898 1897
f 1888 1889 1899
f 1888 1899 1898
f 1889 1890 1900
f 1889 1900 1899
f 1890 1881 1891
f 1890 1891 1900
f 1891 1892 1902
f 1891 1902 1901
f 1892 1893 1903
f 1892 1903 1902
f 1893 1894 1904
f 1893 1904 1903
f 1894 1895 1905
f 1894 1905 1904
f 1895 1896 1906
f 1895 1906 1905
f 1896 1897 1907
f 1896 1907 1906
f 1897 1898 1908
f 1897 1908 1907
f 1898 1899 1909
f 1898 1909 1908
f 1899 1900 1910
f 1899 1910 1909
f 1900 1891 1901
f 1900 1901 1910
f 1901 1902 1912
f 1901 1912 1911
f 1902 1903 1913
f 1902 1913 1912
f 1903 1904 1914
f 1903 1914 1913
f 1904 1905 1915
f 1904 1915 1914
f 1905 1906 1916
f 1905 1916 1915
f 1906 1907 1917
f 1906 1917 1916
f 1907 1908 1918
f 1907 1918 1917
f 1908 1909 1919
f 1908 1919 1918
f 1909 1910 1920
f 1909 1920 1919
f 1910 1901 1911
f 1910 1911 1920
f 1911 1912 1922
f 1911 1922 1921
f 1912 1913 1923
f 1912 1923 1922
f 1913 1914 1924
f 1913 1924 1923
f 1914 1915 1925
f 1914 1925 1924
f 1915 1916 1926
f 1915 1926 1925
f 1916 1917 1927
f 1916 1927 1926
f 1917 1918 1928
f 1917 1928 1927
f 1918 1919 1929
f 1918 1929 1928
f 1919 1920 1930
f 1919 1930 1929
f 1920 1911 1921
f 1920 1921 1930
f 1921 1922 1932
f 1921 1932 1931
f 1922 1923 1933
f 1922 1933 1932
f 1923 1924 1934
f 1923 1934 1933
f 1924 1925 1935
f 1924 1935 1934
f 1925 1926 1936
f 1925 1936 1935
f 1926 1927 1937
f 1926 1937 1936
f 1927 1928 1938
f 1927 1938 1937
f 1928 1929 1939
f 1928 1939 1938
f 1929 1930 1940
f 1929 1940 1939
f 1930 1921 1931
f 1930 1931 1940
f 1931 1932 1942
f 1931 1942 1941
f 1932 1933 1943
f 1932 1943 1942
f 1933 1934 1944
f 1933 1944 1943
f 1934 1935 1945
f 1934 1945 1944
f 1935 1936 1946
f 1935 1946 1945
f 1936 1937 1947
f 1936 1947 1946
f 1937 1938 1948
f 1937 1948 1947
f 1938 1939 1949
f 1938 1949 1948
f 1939 1940 1950
f 1939 1950 1949
f 1940 1931 1941
f 1940 1941 1950
f 1941 1942 1952
f 1941 1952 1951
f 1942 1943 1953
f 1942 1953 1952
f 1943 1944 1954
f 1943 1954 1953
f 1944 1945 1955
f 1944 1955 1954
f 1945 1946 1956
f 1945 1956 1955
f 1946 1947 1957
f 1946 1957 1956
f 1947 1948 1958
f 1947 1958 1957
f 1948 1949 1959
f 1948 1959 1958
f 1949 1950 1960
f 1949 1960 1959
f 1950 1941 1951
f 1950 1951 1960
f 1951 1952 1962
f 1951 1962 1961
f 1952 1953 1963
f 1952 1963 1962
f 1953 1954 1964
f 1953 1964 1963
f 1954 1955 1965
f 1954 1965 1964
f 1955 1956 1966
f 1955 1966 1965
f 1956 1957 1967
f 1956 1967 1966
f 1957 1958 1968
f 1957 1968 1967
f 1958 1959 1969
f 1958 1969 1968
f 1959 1960 1970
f 1959 1970 1969
f 1960 1951 1961
f 1960 1961 1970
f 1961 1962 1972
f 1961 1972 1971
f 1962 1963 1973
f 1962 1973 1972
f 1963 1964 1974
f 1963 1974 1973
f 1964 1965 1975
f 1964 1975 1974
f 1965 1966 1976
f 1965 1976 1975
f 1966 1967 1977
f 1966 1977 1976
f 1967 1968 1978
f 1967 1978 1977
f 1968 1969 1979
f 1968 1979 1978
f 1969 1970 1980
f 1969 1980 1979
f 1970 1961 1971
f 1970 1971 1980
f 1971 1972 1982
f 1971 1982 1981
f 1972 1973 1983
f 1972 1983 1982
f 1973 1974 1984
f 1973 1984 1983
f 1974 1975 1985
f 1974 1985 1984
f 1975 1976 1986
f 1975 1986 1985
f 1976 1977 1987
f 1976 1987 1986
f 1977 1978 1988
f 1977 1988 1987
f 1978 1979 1989
f 1978 1989 1988
f 1979 1980 1990
f 1979 1990 1989
f 1980 1971 1981
f 1980 1981 1990
f 1981 1982 1992
f 1981 1992 1991
f 1982 1983 1993
f 1982 1993 1992
f 1983 1984 1994
f 1983 1994 1993
f 1984 1985 1995
f 1984 1995 1994
f 1985 1986 1996
f 1985 1996 1995
f 1986 1987 1997
f 1986 1997 1996
f 1987 1988 1998
f 1987 1998 1997
f 1988 1989 1999
f 1988 1999 1998
f 1989 1990 2000
f 1989 2000 1999
f 1990 1981 1991
f 1990 1991 2000
f 1991 1992 2002
f 1991 2002 2001
f 1992 1993 2003
f 1992 2003 2002
f 1993 1994 2004
f 1993 2004 2003
f 1994 1995 2005
f 1994 2005 2004
f 1995 1996 2006
f 1995 2006 2005
f 1996 1997 2007
f 1996 2007 2006
f 1997 1998 2008
f 1997 2008 2007
f 1998 1999 2009
f 1998 2009 2008
f 1999 2000 2010
f 1999 2010 2009
f 2000 1991 2001
f 2000 2001 2010
f 2001 2002 2012
f 2001 2012 2011
f 2002 2003 2013
f 2002 2013 2012
f 2003 2004 2014
f 2003 2014 2013
f 2004 2005 2015
f 2004 2015 2014
f 2005 2006 2016
f 2005 2016 2015
f 2006 2007 2017
f 2006 2017 2016
f 2007 2008 2018
f 2007 2018 2017
f 2008 2009 2019
f 2008 2019 2018
f 2009 2010 2020
f 2009 2020 2019
f 2010 2001 2011
f 2010 2011 2020
f 2011 2012 2022
f 2011 2022 2021
f 2012 2013 2023
f 2012 2023 2022
f 2013 2014 2024
f 2013 2024 2023
f 2014 2015 2025
f 2014 2025 2024
f 2015 2016 2026
f 2015 2026 2025
f 2016 2017 2027
f 2016 2027 2026
f 2017 2018 2028
f 2017 2028 2027
f 2018 2019 2029
f 2018 2029 2028
f 2019 2020 2030
f 2019 2030 2029
f 2020 2011 2021
f 2020 2021 2030
f 2021 2022 2032
f 2021 2032 2031
f 2022 2023 2033
f 2022 2033 2032
f 2023 2024 2034
f 2023 2034 2033
f 2024 2025 2035
f 2024 2035 2034
f 2025 2026 2036
f 2025 2036 2035
f 2026 2027 2037
f 2026 2037 2036
f 2027 2028 2038
f 2027 2038 2037
f 2028 2029 2039
f 2028 2039 2038
f 2029 2030 2040
f 2029 2040 2039
f 2030 2021 2031
f 2030 2031 2040
f 2031 2032 2042
f 2031 2042 2041
f 2032 2033 2043
f 2032 2043 2042
f 2033 2034 2044
f 2033 2044 2043
f 2034 2035 2045
f 2034 2045 2044
f 2035 2036 2046
f 2035 2046 2045
f 2036 2037 2047
f 2036 2047 2046
f 2037 2038 2048
f 2037 2048 2047
f 2038 2039 2049
f 2038 2049 2048
f 2039 2040 2050
f 2039 2050 2049
f 2040 2031 2041
f 2040 2041 2050
f 2041 2042 2052
f 2041 2052 2051
f 2042 2043 2053
f 2042 2053 2052
f 2043 2044 2054
f 2043 2054 2053
f 2044 2045 2055
f 2044 2055 2054
f 2045 2046 2056
f 2045 2056 2055
f 2046 2047 2057
f 2046 2057 2056
f 2047 2048 2058
f 2047 2058 2057
f 2048 2049 2059
f 2048 2059 2058
f 2049 2050 2060
f 2049 2060 2059
f 2050 2041 2051
f 2050 2051 2060
f 2051 2052 2062
f 2051 2062 2061
f 2052 2053 2063
f 2052 2063 2062
f 2053 2054 2064
f 2053 2064 2063
f 2054 2055 2065
f 2054 2065 2064
f 2055 2056 2066
f 2055 2066 2065
f 2056 2057 2067
f 2056 2067 2066
f 2057 2058 2068
f 2057 2068 2067
f 2058 2059 2069
f 2058 2069 2068
f 2059 2060 2070
f 2059 2070 2069
f 2060 2051 2061
f 2060 2061 2070
f 2061 2062 2072
f 2061 2072 2071
f 2062 2063 2073
f 2062 2073 2072
f 2063 2064 2074
f 2063 2074 2073
f 2064 2065 2075
f 2064 2075 2074
f 2065 2066 2076
f 2065 2076 2075
f 2066 2067 2077
f 2066 2077 2076
f 2067 2068 2078
f 2067 2078 2077
f 2068 2069 2079
f 2068 2079 2078
f 2069 2070 2080
f 2069 2080 2079
f 2070 2061 2071
f 2070 2071 2080
f 2071 2072 2082
f 2071 2082 2081
f 2072 2073 2083
f 2072 2083 2082
f 2073 2074 2084
f 2073 2084 2083
f 2074 2075 2085
f 2074 2085 2084
f 2075 2076 2086
f 2075 2086 2085
f 2076 2077 2087
f 2076 2087 2086
f 2077 2078 2088
f 2077 2088 2087
f 2078 2079 2089
f 2078 2089 2088
f 2079 2080 2090
f 2079 2090 2089
f 2080 2071 2081
f 2080 2081 2090
f 2081 2082 2092
f 2081 2092 2091
f 2082 2083 2093
f 2082 2093 2092
f 2083 2084 2094
f 2083 2094 2093
f 2084 2085 2095
f 2084 2095 2094
f 2085 2086 2096
f 2085 2096 2095
f 2086 2087 2097
f 2086 2097 2096
f 2087 2088 2098
f 2087 2098 2097
f 2088 2089 2099
f 2088 2099 2098
f 2089 2090 2100
f 2089 2100 2099
f 2090 2081 2091
f 2090 2091 2100
f 2091 2092 2102
f 2091 2102 2101
f 2092 2093 2103
f 2092 2103 2102
f 2093 2094 2104
f 2093 2104 2103
f 2094 2095 2105
f 2094 2105 2104
f 2095 2096 2106
f 2095 2106 2105
f 2096 2097 2107
f 2096 2107 2106
f 2097 2098 2108
f 2097 2108 2107
f 2098 2099 2109
f 2098 2109 2108
f 2099 2100 2110
f 2099 2110 2109
f 2100 2091 2101
f 2100 2101 2110
f 2101 2102 2112
f 2101 2112 2111
f 2102 2103 2113
f 2102 2113 2112
f 2103 2104 2114
f 2103 2114 2113
f 2104 2105 2115
f 2104 2115 2114
f 2105 2106 2116
f 2105 2116 2115
f 2106 2107 2117
f 2106 2117 2116
f 2107 2108 2118
f 2107 2118 2117
f 2108 2109 2119
f 2108 2119 2118
f 2109 2110 2120
f 2109 2120 2119
f 2110 2101 2111
f 2110 2111 2120
f 2111 2112 2122
f 2111 2122 2121
f 2112 2113 2123
f 2112 2123 2122
f 2113 2114 2124
f 2113 2124 2123
f 2114 2115 2125
f 2114 2125 2124
f 2115 2116 2126
f 2115 2126 2125
f 2116 2117 2127
f 2116 2127 2126
f 2117 2118 2128
f 2117 2128 2127
f 2118 2119 2129
f 2118 2129 2128
f 2119 2120 2130
f 2119 2130 2129
f 2120 2111 2121
f 2120 2121 2130
f 2121 2122 2132
f 2121 2132 2131
f 2122 2123 2133
f 2122 2133 2132
f 2123 2124 2134
f 2123 2134 2133
f 2124 2125 2135
f 2124 2135 2134
f 2125 2126 2136
f 2125 2136 2135
f 2126 2127 2137
f 2126 2137 2136
f 2127 2128 2138
f 2127 2138 2137
f 2128 2129 2139
f 2128 2139 2138
f 2129 2130 2140
f 2129 2140 2139
f 2130 2121 2131
f 2130 2131 2140
f 2131 2132 2142
f 2131 2142 2141
f 2132 2133 2143
f 2132 2143 2142
f 2133 2134 2144
f 2133 2144 2143
f 2134 2135 2145
f 2134 2145 2144
f 2135 2136 2146
f 2135 2146 2145
f 2136 2137 2147
f 2136 2147 2146
f 2137 2138 2148
f 2137 2148 2147
f 2138 2139 2149
f 2138 2149 2148
f 2139 2140 2150
f 2139 2150 2149
f 2140 2131 2141
f 2140 2141 2150
f 2141 2142 2152
f 2141 2152 2151
f 2142 2143 2153
f 2142 2153 2152
f 2143 2144 2154
f 2143 2154 2153
f 2144 2145 2155
f 2144 2155 2154
f 2145 2146 2156
f 2145 2156 2155
f 2146 2147 2157
f 2146 2157 2156
f 2147 2148 2158
f 2147 2158 2157
f 2148 2149 2159
f 2148 2159 2158
f 2149 2150 2160
f 2149 2160 2159
f 2150 2141 2151
f 2150 2151 2160
f 2151 2152 2162
f 2151 2162 2161
f 2152 2153 2163
f 2152 2163 2162
f 2153 2154 2164
f 2153 2164 2163
f 2154 2155 2165
f 2154 2165 2164
f 2155 2156 2166
f 2155 2166 2165
f 2156 2157 2167
f 2156 2167 2166
f 2157 2158 2168
f 2157 2168 2167
f 2158 2159 2169
f 2158 2169 2168
f 2159 2160 2170
f 2159 2170 2169
f 2160 2151 2161
f 2160 2161 2170
f 2161 2162 2172
f 2161 2172 2171
f 2162 2163 2173
f 2162 2173 2172
f 2163 2164 2174
f 2163 2174 2173
f 2164 2165 2175
f 2164 2175 2174
f 2165 2166 2176
f 2165 2176 2175
f 2166 2167 2177
f 2166 2177 2176
f 2167 2168 2178
f 2167 2178 2177
f 2168 2169 2179
f 2168 2179 2178
f 2169 2170 2180
f 2169 2180 2179
f 2170 2161 2171
f 2170 2171 2180
f 2171 2172 2182
f 2171 2182 2181
f 2172 2173 2183
f 2172 2183 2182
f 2173 2174 2184
f 2173 2184 2183
f 2174 2175 2185
f 2174 2185 2184
f 2175 2176 2186
f 2175 2186 2185
f 2176 2177 2187
f 2176 2187 2186
f 2177 2178 2188
f 2177 2188 2187
f 2178 2179 2189
f 2178 2189 2188
f 2179 2180 2190
f 2179 2190 2189
f 2180 2171 2181
f 2180 2181 2190
f 2181 2182 2192
f 2181 2192 2191
f 2182 2183 2193
f 2182 2193 2192
f 2183 2184 2194
f 2183 2194 2193
f 2184 2185 2195
f 2184 2195 2194
f 2185 2186 2196
f 2185 2196 2195
f 2186 2187 2197
f 2186 2197 2196
f 2187 2188 2198
f 2187 2198 2197
f 2188 2189 2199
f 2188 2199 2198
f 2189 2190 2200
f 2189 2200 2199
f 2190 2181 2191
f 2190 2191 2200
f 2191 2192 2202
f 2191 2202 2201
f 2192 2193 2203
f 2192 2203 2202
f 2193 2194 2204
f 2193 2204 2203
f 2194 2195 2205
f 2194 2205 2204
f 2195 2196 2206
f 2195 2206 2205
f 2196 2197 2207
f 2196 2207 2206
f 2197 2198 2208
f 2197 2208 2207
f 2198 2199 2209
f 2198 2209 2208
f 2199 2200 2210
f 2199 2210 2209
f 2200 2191 2201
f 2200 2201 2210
f 2201 2202 2212
f 2201 2212 2211
f 2202 2203 2213
f 2202 2213 2212
f 2203 2204 2214
f 2203 2214 2213
f 2204 2205 2215
f 2204 2215 2214
f 2205 2206 2216
f 2205 2216 2215
f 2206 2207 2217
f 2206 2217 2216
f 2207 2208 2218
f 2207 2218 2217
f 2208 2209 2219
f 2208 2219 2218
f 2209 2210 2220
f 2209 2220 2219
f 2210 2201 2211
f 2210 2211 2220
f 2211 2212 2222
f 2211 2222 2221
f 2212 2213 2223
f 2212 2223 2222
f 2213 2214 2224
f 2213 2224 2223
f 2214 2215 2225
f 2214 2225 2224
f 2215 2216 2226
f 2215 2226 2225
f 2216 2217 2227
f 2216 2227 2226
f 2217 2218 2228
f 2217 2228 2227
f 2218 2219 2229
f 2218 2229 2228
f 2219 2220 2230
f 2219 2230 2229
f 2220 2211 2221
f 2220 2221 2230
f 2221 2222 2232
f 2221 2232 2231
f 2222 2223 2233
f 2222 2233 2232
f 2223 2224 2234
f 2223 2234 2233
f 2224 2225 2235
f 2224 2235 2234
f 2225 2226 2236
f 2225 2236 2235
f 2226 2227 2237
f 2226 2237 2236
f 2227 2228 2238
f 2227 2238 2237
f 2228 2229 2239
f 2228 2239 2238
f 2229 2230 2240
f 2229 2240 2239
f 2230 2221 2231
f 2230 2231 2240
f 2231 2232 2242
f 2231 2242 2241
f 2232 2233 2243
f 2232 2243 2242
f 2233 2234 2244
f 2233 2244 2243
f 2234 2235 2245
f 2234 2245 2244
f 2235 2236 2246
f 2235 2246 2245
f 2236 2237 2247
f 2236 2247 2246
f 2237 2238 2248
f 2237 2248 2247
f 2238 2239 2249
f 2238 2249 2248
f 2239 2240 2250
f 2239 2250 2249
f 2240 2231 2241
f 2240 2241 2250
f 2241 2242 2252
f 2241 2252 2251
f 2242 2243 2253
f 2242 2253 2252
f 2243 2244 2254
f 2243 2254 2253
f 2244 2245 2255
f 2244 2255 2254
f 2245 2246 2256
f 2245 2256 2255
f 2246 2247 2257
f 2246 2257 2256
f 2247 2248 2258
f 2247 2258 2257
f 2248 2249 2259
f 2248 2259 2258
f 2249 2250 2260
f 2249 2260 2259
f 2250 2241 2251
f 2250 2251 2260
f 2251 2252 2262
f 2251 2262 2261
f 2252 2253 2263
f 2252 2263 2262
f 2253 2254 2264
f 2253 2264 2263
f 2254 2255 2265
f 2254 2265 2264
f 2255 2256 2266
f 2255 2266 2265
f 2256 2257 2267
f 2256 2267 2266
f 2257 2258 2268
f 2257 2268 2267
f 2258 2259 2269
f 2258 2269 2268
f 2259 2260 2270
f 2259 2270 2269
f 2260 2251 2261
f 2260 2261 2270
f 2261 2262 2272
f 2261 2272 2271
f 2262 2263 2273
f 2262 2273 2272
f 2263 2264 2274
f 2263 2274 2273
f 2264 2265 2275
f 2264 2275 2274
f 2265 2266 2276
f 2265 2276 2275
f 2266 2267 2277
f 2266 2277 2276
f 2267 2268 2278
f 2267 2278 2277
f 2268 2269 2279
f 2268 2279 2278
f 2269 2270 2280
f 2269 2280 2279
f 2270 2261 2271
f 2270 2271 2280
f 2271 2272 2282
f 2271 2282 2281
f 2272 2273 2283
f 2272 2283 2282
f 2273 2274 2284
f 2273 2284 2283
f 2274 2275 2285
f 2274 2285 2284
f 2275 2276 2286
f 2275 2286 2285
f 2276 2277 2287
f 2276 2287 2286
f 2277 2278 2288
f 2277 2288 2287
f 2278 2279 2289
f 2278 2289 2288
f 2279 2280 2290
f 2279 2290 2289
f 2280 2271 2281
f 2280 2281 2290
f 2281 2282 2292
f 2281 2292 2291
f 2282 2283 2293
f 2282 2293 2292
f 2283 2284 2294
f 2283 2294 2293
f 2284 2285 2295
f 2284 2295 2294
f 2285 2286 2296
f 2285 2296 2295
f 2286 2287 2297
f 2286 2297 2296
f 2287 2288 2298
f 2287 2298 2297
f 2288 2289 2299
f 2288 2299 2298
f 2289 2290 2300
f 2289 2300 2299
f 2290 2281 2291
f 2290 2291 2300
f 2291 2292 2302
f 2291 2302 2301
f 2292 2293 2303
f 2292 2303 2302
f 2293 2294 2304
f 2293 2304 2303
f 2294 2295 2305
f 2294 2305 2304
f 2295 2296 2306
f 2295 2306 2305
f 2296 2297 2307
f 2296 2307 2306
f 2297 2298 2308
f 2297 2308 2307
f 2298 2299 2309
f 2298 2309 2308
f 2299 2300 2310
f 2299 2310 2309
f 2300 2291 2301
f 2300 2301 2310
f 2301 2302 2312
f 2301 2312 2311
f 2302 2303 2313
f 2302 2313 2312
f 2303 2304 2314
f 2303 2314 2313
f 2304 2305 2315
f 2304 2315 2314
f 2305 2306 2316
f 2305 2316 2315
f 2306 2307 2317
f 2306 2317 2316
f 2307 2308 2318
f 2307 2318 2317
f 2308 2309 2319
f 2308 2319 2318
f 2309 2310 2320
f 2309 2320 2319
f 2310 2301 2311
f 2310 2311 2320
f 2311 2312 2322
f 2311 2322 2321
f 2312 2313 2323
f 2312 2323 2322
f 2313 2314 2324
f 2313 2324 2323
f 2314 2315 2325
f 2314 2325 2324
f 2315 2316 2326
f 2315 2326 2325
f 2316 2317 2327
f 2316 2327 2326
f 2317 2318 2328
f 2317 2328 2327
f 2318 2319 2329
f 2318 2329 2328
f 2319 2320 2330
f 2319 2330 2329
f 2320 2311 2321
f 2320 2321 2330
f 2321 2322 2332
f 2321 2332 2331
f 2322 2323 2333
f 2322 2333 2332
f 2323 2324 2334
f 2323 2334 2333
f 2324 2325 2335
f 2324 2335 2334
f 2325 2326 2336
f 2325 2336 2335
f 2326 2327 2337
f 2326 2337 2336
f 2327 2328 2338
f 2327 2338 2337
f 2328 2329 2339
f 2328 2339 2338
f 2329 2330 2340
f 2329 2340 2339
f 2330 2321 2331
f 2330 2331 2340
f 2331 2332 2342
f 2331 2342 2341
f 2332 2333 2343
f 2332 2343 2342
f 2333 2334 2344
f 2333 2344 2343
f 2334 2335 2345
f 2334 2345 2344
f 2335 2336 2346
f 2335 2346 2345
f 2336 2337 2347
f 2336 2347 2346
f 2337 2338 2348
f 2337 2348 2347
f 2338 2339 2349
f 2338 2349 2348
f 2339 2340 2350
f 2339 2350 2349
f 2340 2331 2341
f 2340 2341 2350
f 2341 2342 2352
f 2341 2352 2351
f 2342 2343 2353
f 2342 2353 2352
f 2343 2344 2354
f 2343 2354 2353
f 2344 2345 2355
f 2344 2355 2354
f 2345 2346 2356
f 2345 2356 2355
f 2346 2347 2357
f 2346 2357 2356
f 2347 2348 2358
f 2347 2358 2357
f 2348 2349 2359
f 2348 2359 2358
f 2349 2350 2360
f 2349 2360 2359
f 2350 2341 2351
f 2350 2351 2360
f 2351 2352 2362
f 2351 2362 2361
f 2352 2353 2363
f 2352 2363 2362
f 2353 2354 2364
f 2353 2364 2363
f 2354 2355 2365
f 2354 2365 2364
f 2355 2356 2366
f 2355 2366 2365
f 2356 2357 2367
f 2356 2367 2366
f 2357 2358 2368
f 2357 2368 2367
f 2358 2359 2369
f 2358 2369 2368
f 2359 2360 2370
f 2359 2370 2369
f 2360 2351 2361
f 2360 2361 2370
f 2361 2362 2372
f 2361 2372 2371
f 2362 2363 2373
f 2362 2373 2372
f 2363 2364 2374
f 2363 2374 2373
f 2364 2365 2375
f 2364 2375 2374
f 2365 2366 2376
f 2365 2376 2375
f 2366 2367 2377
f 2366 2377 2376
f 2367 2368 2378
f 2367 2378 2377
f 2368 2369 2379
f 2368 2379 2378
f 2369 2370 2380
f 2369 2380 2379
f 2370 2361 2371
f 2370 2371 2380
f 2371 2372 2382
f 2371 2382 2381
f 2372 2373 2383
f 2372 2383 2382
f 2373 2374 2384
f 2373 2384 2383
f 2374 2375 2385
f 2374 2385 2384
f 2375 2376 2386
f 2375 2386 2385
f 2376 2377 2387
f 2376 2387 2386
f 2377 2378 2388
f 2377 2388 2387
f 2378 2379 2389
f 2378 2389 2388
f 2379 2380 2390
f 2379 2390 2389
f 2380 2371 2381
f 2380 2381 2390
f 2381 2382 2392
f 2381 2392 2391
f 2382 2383 2393
f 2382 2393 2392
f 2383 2384 2394
f 2383 2394 2393
f 2384 2385 2395
f 2384 2395 2394
f 2385 2386 2396
f 2385 2396 2395
f 2386 2387 2397
f 2386 2397 2396
f 2387 2388 2398
f 2387 2398 2397
f 2388 2389 2399
f 2388 2399 2398
f 2389 2390 2400
f 2389 2400 2399
f 2390 2381 2391
f 2390 2391 2400
f 2391 2392 2402
f 2391 2402 2401
f 2392 2393 2403
f 2392 2403 2402
f 2393 2394 2404
f 2393 2404 2403
f 2394 2395 2405
f 2394 2405 2404
f 2395 2396 2406
f 2395 2406 2405
f 2396 2397 2407
f 2396 2407 2406
f 2397 2398 2408
f 2397 2408 2407
f 2398 2399 2409
f 2398 2409 2408
f 2399 2400 2410
f 2399 2410 2409
f 2400 2391 2401
f 2400 2401 2410
f 2401 2402 2412
f 2401 2412 2411
f 2402 2403 2413
f 2402 2413 2412
f 2403 2404 2414
f 2403 2414 2413
f 2404 2405 2415
f 2404 2415 2414
f 2405 2406 2416
f 2405 2416 2415
f 2406 2407 2417
f 2406 2417 2416
f 2407 2408 2418
f 2407 2418 2417
f 2408 2409 2419
f 2408 2419 2418
f 2409 2410 2420
f 2409 2420 2419
f 2410 2401 2411
f 2410 2411 2420
f 2411 2412 2422
f 2411 2422 2421
f 2412 2413 2423
f 2412 2423 2422
f 2413 2414 2424
f 2413 2424 2423
f 2414 2415 2425
f 2414 2425 2424
f 2415 2416 2426
f 2415 2426 2425
f 2416 2417 2427
f 2416 2427 2426
f 2417 2418 2428
f 2417 2428 2427
f 2418 2419 2429
f 2418 2429 2428
f 2419 2420 2430
f 2419 2430 2429
f 2420 2411 2421
f 2420 2421 2430
f 2421 2422 2432
f 2421 2432 2431
f 2422 2423 2433
f 2422 2433 2432
f 2423 2424 2434
f 2423 2434 2433
f 2424 2425 2435
f 2424 2435 2434
f 2425 2426 2436
f 2425 2436 2435
f 2426 2427 2437
f 2426 2437 2436
f 2427 2428 2438
f 2427 2438 2437
f 2428 2429 2439
f 2428 2439 2438
f 2429 2430 2440
f 2429 2440 2439
f 2430 2421 2431
f 2430 2431 2440
f 2431 2432 1802
f 2431 1802 1801
f 2432 2433 1803
f 2432 1803 1802
f 2433 2434 1804
f 2433 1804 1803
f 2434 2435 1805
f 2434 1805 1804
f 2435 2436 1806
f 2435 1806 1805
f 2436 2437 1807
f 2436 1807 1806
f 2437 2438 1808
f 2437 1808 1807
f 2438 2439 1809
f 2438 1809 1808
f 2439 2440 1810
f 2439 1810 1809
f 2440 2431 1801
f 2440 1801 1810
f 2441 2442 2449
f 2442 2443 2449
f 2443 2444 2449
f 2444 2445 2449
f 2445 2446 2449
f 2446 2447 2449
f 2447 2448 2449
f 2448 2441 2449
f 2450 2451 2458
f 2451 2452 2458
f 2452 2453 2458
f 2453 2454 2458
f 2454 2455 2458
f 2455 2456 2458
f 2456 2457 2458
f 2457 2450 2458
f 2459 2460 2467
f 2460 2461 2467
f 2461 2462 2467
f 2462 2463 2467
f 2463 2464 2467
f 2464 2465 2467
f 2465 2466 2467
f 2466 2459 2467
f 2468 2469 2476
f 2469 2470 2476
f 2470 2471 2476
f 2471 2472 2476
f 2472 2473 2476
f 2473 2474 2476
f 2474 2475 2476
f 2475 2468 2476
f 2477 2478 2485
f 2478 2479 2485
f 2479 2480 2485
f 2480 2481 2485
f 2481 2482 2485
f 2482 2483 2485
f 2483 2484 2485
f 2484 2477 2485
f 2486 2487 2494
f 2487 2488 2494
f 2488 2489 2494
f 2489 2490 2494
f 2490 2491 2494
f 2491 2492 2494
f 2492 2493 2494
f 2493 2486 2494
f 2495 2496 2503
f 2496 2497 2503
f 2497 2498 2503
f 2498 2499 2503
f 2499 2500 2503
f 2500 2501 2503
f 2501 2502 2503
f 2502 2495 2503
f 2504 2505 2512
f 2505 2506 2512
f 2506 2507 2512
f 2507 2508 2512
f 2508 2509 2512
f 2509 2510 2512
f 2510 2511 2512
f 2511 2504 2512
f 2513 2514 2521
f 2514 2515 2521
f 2515 2516 2521
f 2516 2517 2521
f 2517 2518 2521
f 2518 2519 2521
f 2519 2520 2521
f 2520 2513 2521
f 2522 2523 2530
f 2523 2524 2530
f 2524 2525 2530
f 2525 2526 2530
f 2526 2527 2530
f 2527 2528 2530
f 2528 2529 2530
f 2529 2522 2530
f 2531 2532 2539
f 2532 2533 2539
f 2533 2534 2539
f 2534 2535 2539
f 2535 2536 2539
f 2536 2537 2539
f 2537 2538 2539
f 2538 2531 2539
f 2540 2541 2548
f 2541 2542 2548
f 2542 2543 2548
f 2543 2544 2548
f 2544 2545 2548
f 2545 2546 2548
f 2546 2547 2548
f 2547 2540 2548
f 2549 2550 2564
f 2549 2564 2563
f 2550 2551 2565
f 2550 2565 2564
f 2551 2552 2566
f 2551 2566 2565
f 2552 2553 2567
f 2552 2567 2566
f 2553 2554 2568
f 2553 2568 2567
f 2554 2555 2569
f 2554 2569 2568
f 2555 2556 2570
f 2555 2570 2569
f 2556 2557 2571
f 2556 2571 2570
f 2557 2558 2572
f 2557 2572 2571
f 2558 2559 2573
f 2558 2573 2572
f 2559 2560 2574
f 2559 2574 2573
f 2560 2561 2575
f 2560 2575 2574
f 2561 2562 2576
f 2561 2576 2575
f 2562 2549 2563
f 2562 2563 2576
f 2563 2564 2578
f 2563 2578 2577
f 2564 2565 2579
f 2564 2579 2578
f 2565 2566 2580
f 2565 2580 2579
f 2566 2567 2581
f 2566 2581 2580
f 2567 2568 2582
f 2567 2582 2581
f 2568 2569 2583
f 2568 2583 2582
f 2569 2570 2584
f 2569 2584 2583
f 2570 2571 2585
f 2570 2585 2584
f 2571 2572 2586
f 2571 2586 2585
f 2572 2573 2587
f 2572 2587 2586
f 2573 2574 2588
f 2573 2588 2587
f 2574 2575 2589
f 2574 2589 2588
f 2575 2576 2590
f 2575 2590 2589
f 2576 2563 2577
f 2576 2577 2590
f 2577 2578 2592
f 2577 2592 2591
f 2578 2579 2593
f 2578 2593 2592
f 2579 2580 2594
f 2579 2594 2593
f 2580 2581 2595
f 2580 2595 2594
f 2581 2582 2596
f 2581 2596 2595
f 2582 2583 2597
f 2582 2597 2596
f 2583 2584 2598
f 2583 2598 2597
f 2584 2585 2599
f 2584 2599 2598
f 2585 2586 2600
f 2585 2600 2599
f 2586 2587 2601
f 2586 2601 2600
f 2587 2588 2602
f 2587 2602 2601
f 2588 2589 2603
f 2588 2603 2602
f 2589 2590 2604
f 2589 2604 2603
f 2590 2577 2591
f 2590 2591 2604
f 2591 2592 2606
f 2591 2606 2605
f 2592 2593 2607
f 2592 2607 2606
f 2593 2594 2608
f 2593 2608 2607
f 2594 2595 2609
f 2594 2609 2608
f 2595 2596 2610
f 2595 2610 2609
f 2596 2597 2611
f 2596 2611 2610
f 2597 2598 2612
f 2597 2612 2611
f 2598 2599 2613
f 2598 2613 2612
f 2599 2600 2614
f 2599 2614 2613
f 2600 2601 2615
f 2600 2615 2614
f 2601 2602 2616
f 2601 2616 2615
f 2602 2603 2617
f 2602 2617 2616
f 2603 2604 2618
f 2603 2618 2617
f 2604 2591 2605
f 2604 2605 2618
f 2605 2606 2620
f 2605 2620 2619
f 2606 2607 2621
f 2606 2621 2620
f 2607 2608 2622
f 2607 2622 2621
f 2608 2609 2623
f 2608 2623 2622
f 2609 2610 2624
f 2609 2624 2623
f 2610 2611 2625
f 2610 2625 2624
f 2611 2612 2626
f 2611 2626 2625
f 2612 2613 2627
f 2612 2627 2626
f 2613 2614 2628
f 2613 2628 2627
f 2614 2615 2629
f 2614 2629 2628
f 2615 2616 2630
f 2615 2630 2629
f 2616 2617 2631
f 2616 2631 2630
f 2617 2618 2632
f 2617 2632 2631
f 2618 2605 2619
f 2618 2619 2632
f 2619 2620 2634
f 2619 2634 2633
f 2620 2621 2635
f 2620 2635 2634
f 2621 2622 2636
f 2621 2636 2635
f 2622 2623 2637
f 2622 2637 2636
f 2623 2624 2638
f 2623 2638 2637
f 2624 2625 2639
f 2624 2639 2638
f 2625 2626 2640
f 2625 2640 2639
f 2626 2627 2641
f 2626 2641 2640
f 2627 2628 2642
f 2627 2642 2641
f 2628 2629 2643
f 2628 2643 2642
f 2629 2630 2644
f 2629 2644 2643
f 2630 2631 2645
f 2630 2645 2644
f 2631 2632 2646
f 2631 2646 2645
f 2632 2619 2633
f 2632 2633 2646
f 2633 2634 2648
f 2633 2648 2647
f 2634 2635 2649
f 2634 2649 2648
f 2635 2636 2650
f 2635 2650 2649
f 2636 2637 2651
f 2636 2651 2650
f 2637 2638 2652
f 2637 2652 2651
f 2638 2639 2653
f 2638 2653 2652
f 2639 2640 2654
f 2639 2654 2653
f 2640 2641 2655
f 2640 2655 2654
f 2641 2642 2656
f 2641 2656 2655
f 2642 2643 2657
f 2642 2657 2656
f 2643 2644 2658
f 2643 2658 2657
f 2644 2645 2659
f 2644 2659 2658
f 2645 2646 2660
f 2645 2660 2659
f 2646 2633 2647
f 2646 2647 2660
f 2647 2648 2662
f 2647 2662 2661
f 2648 2649 2663
f 2648 2663 2662
f 2649 2650 2664
f 2649 2664 2663
f 2650 2651 2665
f 2650 2665 2664
f 2651 2652 2666
f 2651 2666 2665
f 2652 2653 2667
f 2652 2667 2666
f 2653 2654 2668
f 2653 2668 2667
f 2654 2655 2669
f 2654 2669 2668
f 2655 2656 2670
f 2655 2670 2669
f 2656 2657 2671
f 2656 2671 2670
f 2657 2658 2672
f 2657 2672 2671
f 2658 2659 2673
f 2658 2673 2672
f 2659 2660 2674
f 2659 2674 2673
f 2660 2647 2661
f 2660 2661 2674
f 2661 2662 2676
f 2661 2676 2675
f 2662 2663 2677
f 2662 2677 2676
f 2663 2664 2678
f 2663 2678 2677
f 2664 2665 2679
f 2664 2679 2678
f 2665 2666 2680
f 2665 2680 2679
f 2666 2667 2681
f 2666 2681 2680
f 2667 2668 2682
f 2667 2682 2681
f 2668 2669 2683
f 2668 2683 2682
f 2669 2670 2684
f 2669 2684 2683
f 2670 2671 2685
f 2670 2685 2684
f 2671 2672 2686
f 2671 2686 2685
f 2672 2673 2687
f 2672 2687 2686
f 2673 2674 2688
f 2673 2688 2687
f 2674 2661 2675
f 2674 2675 2688
f 2675 2676 2690
f 2675 2690 2689
f 2676 2677 2691
f 2676 2691 2690
f 2677 2678 2692
f 2677 2692 2691
f 2678 2679 2693
f 2678 2693 2692
f 2679 2680 2694
f 2679 2694 2693
f 2680 2681 2695
f 2680 2695 2694
f 2681 2682 2696
f 2681 2696 2695
f 2682 2683 2697
f 2682 2697 2696
f 2683 2684 2698
f 2683 2698 2697
f 2684 2685 2699
f 2684 2699 2698
f 2685 2686 2700
f 2685 2700 2699
f 2686 2687 2701
f 2686 2701 2700
f 2687 2688 2702
f 2687 2702 2701
f 2688 2675 2689
f 2688 2689 2702
f 2703 2704 2718
f 2703 2718 2717
f 2704 2705 2719
f 2704 2719 2718
f 2705 2706 2720
f 2705 2720 2719
f 2706 2707 2721
f 2706 2721 2720
f 2707 2708 2722
f 2707 2722 2721
f 2708 2709 2723
f 2708 2723 2722
f 2709 2710 2724
f 2709 2724 2723
f 2710 2711 2725
f 2710 2725 2724
f 2711 2712 2726
f 2711 2726 2725
f 2712 2713 2727
f 2712 2727 2726
f 2713 2714 2728
f 2713 2728 2727
f 2714 2715 2729
f 2714 2729 2728
f 2715 2716 2730
f 2715 2730 2729
f 2716 2703 2717
f 2716 2717 2730
f 2717 2718 2732
f 2717 2732 2731
f 2718 2719 2733
f 2718 2733 2732
f 2719 2720 2734
f 2719 2734 2733
f 2720 2721 2735
f 2720 2735 2734
f 2721 2722 2736
f 2721 2736 2735
f 2722 2723 2737
f 2722 2737 2736
f 2723 2724 2738
f 2723 2738 2737
f 2724 2725 2739
f 2724 2739 2738
f 2725 2726 2740
f 2725 2740 2739
f 2726 2727 2741
f 2726 2741 2740
f 2727 2728 2742
f 2727 2742 2741
f 2728 2729 2743
f 2728 2743 2742
f 2729 2730 2744
f 2729 2744 2743
f 2730 2717 2731
f 2730 2731 2744
f 2731 2732 2746
f 2731 2746 2745
f 2732 2733 2747
f 2732 2747 2746
f 2733 2734 2748
f 2733 2748 2747
f 2734 2735 2749
f 2734 2749 2748
f 2735 2736 2750
f 2735 2750 2749
f 2736 2737 2751
f 2736 2751 2750
f 2737 2738 2752
f 2737 2752 2751
f 2738 2739 2753
f 2738 2753 2752
f 2739 2740 2754
f 2739 2754 2753
f 2740 2741 2755
f 2740 2755 2754
f 2741 2742 2756
f 2741 2756 2755
f 2742 2743 2757
f 2742 2757 2756
f 2743 2744 2758
f 2743 2758 2757
f 2744 2731 2745
f 2744 2745 2758
f 2745 2746 2760
f 2745 2760 2759
f 2746 2747 2761
f 2746 2761 2760
f 2747 2748 2762
f 2747 2762 2761
f 2748 2749 2763
f 2748 2763 2762
f 2749 2750 2764
f 2749 2764 2763
f 2750 2751 2765
f 2750 2765 2764
f 2751 2752 2766
f 2751 2766 2765
f 2752 2753 2767
f 2752 2767 2766
f 2753 2754 2768
f 2753 2768 2767
f 2754 2755 2769
f 2754 2769 2768
f 2755 2756 2770
f 2755 2770 2769
f 2756 2757 2771
f 2756 2771 2770
f 2757 2758 2772
f 2757 2772 2771
f 2758 2745 2759
f 2758 2759 2772
f 2759 2760 2774
f 2759 2774 2773
f 2760 2761 2775
f 2760 2775 2774
f 2761 2762 2776
f 2761 2776 2775
f 2762 2763 2777
f 2762 2777 2776
f 2763 2764 2778
f 2763 2778 2777
f 2764 2765 2779
f 2764 2779 2778
f 2765 2766 2780
f 2765 2780 2779
f 2766 2767 2781
f 2766 2781 2780
f 2767 2768 2782
f 2767 2782 2781
f 2768 2769 2783
f 2768 2783 2782
f 2769 2770 2784
f 2769 2784 2783
f 2770 2771 2785
f 2770 2785 2784
f 2771 2772 2786
f 2771 2786 2785
f 2772 2759 2773
f 2772 2773 2786
f 2773 2774 2788
f 2773 2788 2787
f 2774 2775 2789
f 2774 2789 2788
f 2775 2776 2790
f 2775 2790 2789
f 2776 2777 2791
f 2776 2791 2790
f 2777 2778 2792
f 2777 2792 2791
f 2778 2779 2793
f 2778 2793 2792
f 2779 2780 2794
f 2779 2794 2793
f 2780 2781 2795
f 2780 2795 2794
f 2781 2782 2796
f 2781 2796 2795
f 2782 2783 2797
f 2782 2797 2796
f 2783 2784 2798
f 2783 2798 2797
f 2784 2785 2799
f 2784 2799 2798
f 2785 2786 2800
f 2785 2800 2799
f 2786 2773 2787
f 2786 2787 2800
f 2787 2788 2802
f 2787 2802 2801
f 2788 2789 2803
f 2788 2803 2802
f 2789 2790 2804
f 2789 2804 2803
f 2790 2791 2805
f 2790 2805 2804
f 2791 2792 2806
f 2791 2806 2805
f 2792 2793 2807
f 2792 2807 2806
f 2793 2794 2808
f 2793 2808 2807
f 2794 2795 2809
f 2794 2809 2808
f 2795 2796 2810
f 2795 2810 2809
f 2796 2797 2811
f 2796 2811 2810
f 2797 2798 2812
f 2797 2812 2811
f 2798 2799 2813
f 2798 2813 2812
f 2799 2800 2814
f 2799 2814 2813
f 2800 2787 2801
f 2800 2801 2814
f 2801 2802 2816
f 2801 2816 2815
f 2802 2803 2817
f 2802 2817 2816
f 2803 2804 2818
f 2803 2818 2817
f 2804 2805 2819
f 2804 2819 2818
f 2805 2806 2820
f 2805 2820 2819
f 2806 2807 2821
f 2806 2821 2820
f 2807 2808 2822
f 2807 2822 2821
f 2808 2809 2823
f 2808 2823 2822
f 2809 2810 2824
f 2809 2824 2823
f 2810 2811 2825
f 2810 2825 2824
f 2811 2812 2826
f 2811 2826 2825
f 2812 2813 2827
f 2812 2827 2826
f 2813 2814 2828
f 2813 2828 2827
f 2814 2801 2815
f 2814 2815 2828
f 2815 2816 2830
f 2815 2830 2829
f 2816 2817 2831
f 2816 2831 2830
f 2817 2818 2832
f 2817 2832 2831
f 2818 2819 2833
f 2818 2833 2832
f 2819 2820 2834
f 2819 2834 2833
f 2820 2821 2835
f 2820 2835 2834
f 2821 2822 2836
f 2821 2836 2835
f 2822 2823 2837
f 2822 2837 2836
f 2823 2824 2838
f 2823 2838 2837
f 2824 2825 2839
f 2824 2839 2838
f 2825 2826 2840
f 2825 2840 2839
f 2826 2827 2841
f 2826 2841 2840
f 2827 2828 2842
f 2827 2842 2841
f 2828 2815 2829
f 2828 2829 2842
f 2829 2830 2844
f 2829 2844 2843
f 2830 2831 2845
f 2830 2845 2844
f 2831 2832 2846
f 2831 2846 2845
f 2832 2833 2847
f 2832 2847 2846
f 2833 2834 2848
f 2833 2848 2847
f 2834 2835 2849
f 2834 2849 2848
f 2835 2836 2850
f 2835 2850 2849
f 2836 2837 2851
f 2836 2851 2850
f 2837 2838 2852
f 2837 2852 2851
f 2838 2839 2853
f 2838 2853 2852
f 2839 2840 2854
f 2839 2854 2853
f 2840 2841 2855
f 2840 2855 2854
f 2841 2842 2856
f 2841 2856 2855
f 2842 2829 2843
f 2842 2843 2856
f 2857 2858 2872
f 2857 2872 2871
f 2858 2859 2873
f 2858 2873 2872
f 2859 2860 2874
f 2859 2874 2873
f 2860 2861 2875
f 2860 2875 2874
f 2861 2862 2876
f 2861 2876 2875
f 2862 2863 2877
f 2862 2877 2876
f 2863 2864 2878
f 2863 2878 2877
f 2864 2865 2879
f 2864 2879 2878
f 2865 2866 2880
f 2865 2880 2879
f 2866 2867 2881
f 2866 2881 2880
f 2867 2868 2882
f 2867 2882 2881
f 2868 2869 2883
f 2868 2883 2882
f 2869 2870 2884
f 2869 2884 2883
f 2870 2857 2871
f 2870 2871 2884
f 2871 2872 2886
f 2871 2886 2885
f 2872 2873 2887
f 2872 2887 2886
f 2873 2874 2888
f 2873 2888 2887
f 2874 2875 2889
f 2874 2889 2888
f 2875 2876 2890
f 2875 2890 2889
f 2876 2877 2891
f 2876 2891 2890
f 2877 2878 2892
f 2877 2892 2891
f 2878 2879 2893
f 2878 2893 2892
f 2879 2880 2894
f 2879 2894 2893
f 2880 2881 2895
f 2880 2895 2894
f 2881 2882 2896
f 2881 2896 2895
f 2882 2883 2897
f 2882 2897 2896
f 2883 2884 2898
f 2883 2898 2897
f 2884 2871 2885
f 2884 2885 2898
f 2885 2886 2900
f 2885 2900 2899
f 2886 2887 2901
f 2886 2901 2900
f 2887 2888 2902
f 2887 2902 2901
f 2888 2889 2903
f 2888 2903 2902
f 2889 2890 2904
f 2889 2904 2903
f 2890 2891 2905
f 2890 2905 2904
f 2891 2892 2906
f 2891 2906 2905
f 2892 2893 2907
f 2892 2907 2906
f 2893 2894 2908
f 2893 2908 2907
f 2894 2895 2909
f 2894 2909 2908
f 2895 2896 2910
f 2895 2910 2909
f 2896 2897 2911
f 2896 2911 2910
f 2897 2898 2912
f 2897 2912 2911
f 2898 2885 2899
f 2898 2899 2912
f 2899 2900 2914
f 2899 2914 2913
f 2900 2901 2915
f 2900 2915 2914
f 2901 2902 2916
f 2901 2916 2915
f 2902 2903 2917
f 2902 2917 2916
f 2903 2904 2918
f 2903 2918 2917
f 2904 2905 2919
f 2904 2919 2918
f 2905 2906 2920
f 2905 2920 2919
f 2906 2907 2921
f 2906 2921 2920
f 2907 2908 2922
f 2907 2922 2921
f 2908 2909 2923
f 2908 2923 2922
f 2909 2910 2924
f 2909 2924 2923
f 2910 2911 2925
f 2910 2925 2924
f 2911 2912 2926
f 2911 2926 2925
f 2912 2899 2913
f 2912 2913 2926
f 2913 2914 2928
f 2913 2928 2927
f 2914 2915 2929
f 2914 2929 2928
f 2915 2916 2930
f 2915 2930 2929
f 2916 2917 2931
f 2916 2931 2930
f 2917 2918 2932
f 2917 2932 2931
f 2918 2919 2933
f 2918 2933 2932
f 2919 2920 2934
f 2919 2934 2933
f 2920 2921 2935
f 2920 2935 2934
f 2921 2922 2936
f 2921 2936 2935
f 2922 2923 2937
f 2922 2937 2936
f 2923 2924 2938
f 2923 2938 2937
f 2924 2925 2939
f 2924 2939 2938
f 2925 2926 2940
f 2925 2940 2939
f 2926 2913 2927
f 2926 2927 2940
f 2927 2928 2942
f 2927 2942 2941
f 2928 2929 2943
f 2928 2943 2942
f 2929 2930 2944
f 2929 2944 2943
f 2930 2931 2945
f 2930 2945 2944
f 2931 2932 2946
f 2931 2946 2945
f 2932 2933 2947
f 2932 2947 2946
f 2933 2934 2948
f 2933 2948 2947
f 2934 2935 2949
f 2934 2949 2948
f 2935 2936 2950
f 2935 2950 2949
f 2936 2937 2951
f 2936 2951 2950
f 2937 2938 2952
f 2937 2952 2951
f 2938 2939 2953
f 2938 2953 2952
f 2939 2940 2954
f 2939 2954 2953
f 2940 2927 2941
f 2940 2941 2954
f 2941 2942 2956
f 2941 2956 2955
f 2942 2943 2957
f 2942 2957 2956
f 2943 2944 2958
f 2943 2958 2957
f 2944 2945 2959
f 2944 2959 2958
f 2945 2946 2960
f 2945 2960 2959
f 2946 2947 2961
f 2946 2961 2960
f 2947 2948 2962
f 2947 2962 2961
f 2948 2949 2963
f 2948 2963 2962
f 2949 2950 2964
f 2949 2964 2963
f 2950 2951 2965
f 2950 2965 2964
f 2951 2952 2966
f 2951 2966 2965
f 2952 2953 2967
f 2952 2967 2966
f 2953 2954 2968
f 2953 2968 2967
f 2954 2941 2955
f 2954 2955 2968
f 2955 2956 2970
f 2955 2970 2969
f 2956 2957 2971
f 2956 2971 2970
f 2957 2958 2972
f 2957 2972 2971
f 2958 2959 2973
f 2958 2973 2972
f 2959 2960 2974
f 2959 2974 2973
f 2960 2961 2975
f 2960 2975 2974
f 2961 2962 2976
f 2961 2976 2975
f 2962 2963 2977
f 2962 2977 2976
f 2963 2964 2978
f 2963 2978 2977
f 2964 2965 2979
f 2964 2979 2978
f 2965 2966 2980
f 2965 2980 2979
f 2966 2967 2981
f 2966 2981 2980
f 2967 2968 2982
f 2967 2982 2981
f 2968 2955 2969
f 2968 2969 2982
f 2969 2970 2984
f 2969 2984 2983
f 2970 2971 2985
f 2970 2985 2984
f 2971 2972 2986
f 2971 2986 2985
f 2972 2973 2987
f 2972 2987 2986
f 2973 2974 2988
f 2973 2988 2987
f 2974 2975 2989
f 2974 2989 2988
f 2975 2976 2990
f 2975 2990 2989
f 2976 2977 2991
f 2976 2991 2990
f 2977 2978 2992
f 2977 2992 2991
f 2978 2979 2993
f 2978 2993 2992
f 2979 2980 2994
f 2979 2994 2993
f 2980 2981 2995
f 2980 2995 2994
f 2981 2982 2996
f 2981 2996 2995
f 2982 2969 2983
f 2982 2983 2996
f 2983 2984 2998
f 2983 2998 2997
f 2984 2985 2999
f 2984 2999 2998
f 2985 2986 3000
f 2985 3000 2999
f 2986 2987 3001
f 2986 3001 3000
f 2987 2988 3002
f 2987 3002 3001
f 2988 2989 3003
f 2988 3003 3002
f 2989 2990 3004
f 2989 3004 3003
f 2990 2991 3005
f 2990 3005 3004
f 2991 2992 3006
f 2991 3006 3005
f 2992 2993 3007
f 2992 3007 3006
f 2993 2994 3008
f 2993 3008 3007
f 2994 2995 3009
f 2994 3009 3008
f 2995 2996 3010
f 2995 3010 3009
f 2996 2983 2997
f 2996 2997 3010
f 3011 3012 3026
f 3011 3026 3025
f 3012 3013 3027
f 3012 3027 3026
f 3013 3014 3028
f 3013 3028 3027
f 3014 3015 3029
f 3014 3029 3028
f 3015 3016 3030
f 3015 3030 3029
f 3016 3017 3031
f 3016 3031 3030
f 3017 3018 3032
f 3017 3032 3031
f 3018 3019 3033
f 3018 3033 3032
f 3019 3020 3034
f 3019 3034 3033
f 3020 3021 3035
f 3020 3035 3034
f 3021 3022 3036
f 3021 3036 3035
f 3022 3023 3037
f 3022 3037 3036
f 3023 3024 3038
f 3023 3038 3037
f 3024 3011 3025
f 3024 3025 3038
f 3025 3026 3040
f 3025 3040 3039
f 3026 3027 3041
f 3026 3041 3040
f 3027 3028 3042
f 3027 3042 3041
f 3028 3029 3043
f 3028 3043 3042
f 3029 3030 3044
f 3029 3044 3043
f 3030 3031 3045
f 3030 3045 3044
f 3031 3032 3046
f 3031 3046 3045
f 3032 3033 3047
f 3032 3047 3046
f 3033 3034 3048
f 3033 3048 3047
f 3034 3035 3049
f 3034 3049 3048
f 3035 3036 3050
f 3035 3050 3049
f 3036 3037 3051
f 3036 3051 3050
f 3037 3038 3052
f 3037 3052 3051
f 3038 3025 3039
f 3038 3039 3052
f 3039 3040 3054
f 3039 3054 3053
f 3040 3041 3055
f 3040 3055 3054
f 3041 3042 3056
f 3041 3056 3055
f 3042 3043 3057
f 3042 3057 3056
f 3043 3044 3058
f 3043 3058 3057
f 3044 3045 3059
f 3044 3059 3058
f 3045 3046 3060
f 3045 3060 3059
f 3046 3047 3061
f 3046 3061 3060
f 3047 3048 3062
f 3047 3062 3061
f 3048 3049 3063
f 3048 3063 3062
f 3049 3050 3064
f 3049 3064 3063
f 3050 3051 3065
f 3050 3065 3064
f 3051 3052 3066
f 3051 3066 3065
f 3052 3039 3053
f 3052 3053 3066
f 3053 3054 3068
f 3053 3068 3067
f 3054 3055 3069
f 3054 3069 3068
f 3055 3056 3070
f 3055 3070 3069
f 3056 3057 3071
f 3056 3071 3070
f 3057 3058 3072
f 3057 3072 3071
f 3058 3059 3073
f 3058 3073 3072
f 3059 3060 3074
f 3059 3074 3073
f 3060 3061 3075
f 3060 3075 3074
f 3061 3062 3076
f 3061 3076 3075
f 3062 3063 3077
f 3062 3077 3076
f 3063 3064 3078
f 3063 3078 3077
f 3064 3065 3079
f 3064 3079 3078
f 3065 3066 3080
f 3065 3080 3079
f 3066 3053 3067
f 3066 3067 3080
f 3067 3068 3082
f 3067 3082 3081
f 3068 3069 3083
f 3068 3083 3082
f 3069 3070 3084
f 3069 3084 3083
f 3070 3071 3085
f 3070 3085 3084
f 3071 3072 3086
f 3071 3086 3085
f 3072 3073 3087
f 3072 3087 3086
f 3073 3074 3088
f 3073 3088 3087
f 3074 3075 3089
f 3074 3089 3088
f 3075 3076 3090
f 3075 3090 3089
f 3076 3077 3091
f 3076 3091 3090
f 3077 3078 3092
f 3077 3092 3091
f 3078 3079 3093
f 3078 3093 3092
f 3079 3080 3094
f 3079 3094 3093
f 3080 3067 3081
f 3080 3081 3094
f 3081 3082 3096
f 3081 3096 3095
f 3082 3083 3097
f 3082 3097 3096
f 3083 3084 3098
f 3083 3098 3097
f 3084 3085 3099
f 3084 3099 3098
f 3085 3086 3100
f 3085 3100 3099
f 3086 3087 3101
f 3086 3101 3100
f 3087 3088 3102
f 3087 3102 3101
f 3088 3089 3103
f 3088 3103 3102
f 3089 3090 3104
f 3089 3104 3103
f 3090 3091 3105
f 3090 3105 3104
f 3091 3092 3106
f 3091 3106 3105
f 3092 3093 3107
f 3092 3107 3106
f 3093 3094 3108
f 3093 3108 3107
f 3094 3081 3095
f 3094 3095 3108
f 3095 3096 3110
f 3095 3110 3109
f 3096 3097 3111
f 3096 3111 3110
f 3097 3098 3112
f 3097 3112 3111
f 3098 3099 3113
f 3098 3113 3112
f 3099 3100 3114
f 3099 3114 3113
f 3100 3101 3115
f 3100 3115 3114
f 3101 3102 3116
f 3101 3116 3115
f 3102 3103 3117
f 3102 3117 3116
f 3103 3104 3118
f 3103 3118 3117
f 3104 3105 3119
f 3104 3119 3118
f 3105 3106 3120
f 3105 3120 3119
f 3106 3107 3121
f 3106 3121 3120
f 3107 3108 3122
f 3107 3122 3121
f 3108 3095 3109
f 3108 3109 3122
f 3109 3110 3124
f 3109 3124 3123
f 3110 3111 3125
f 3110 3125 3124
f 3111 3112 3126
f 3111 3126 3125
f 3112 3113 3127
f 3112 3127 3126
f 3113 3114 3128
f 3113 3128 3127
f 3114 3115 3129
f 3114 3129 3128
f 3115 3116 3130
f 3115 3130 3129
f 3116 3117 3131
f 3116 3131 3130
f 3117 3118 3132
f 3117 3132 3131
f 3118 3119 3133
f 3118 3133 3132
f 3119 3120 3134
f 3119 3134 3133
f 3120 3121 3135
f 3120 3135 3134
f 3121 3122 3136
f 3121 3136 3135
f 3122 3109 3123
f 3122 3123 3136
f 3123 3124 3138
f 3123 3138 3137
f 3124 3125 3139
f 3124 3139 3138
f 3125 3126 3140
f 3125 3140 3139
f 3126 3127 3141
f 3126 3141 3140
f 3127 3128 3142
f 3127 3142 3141
f 3128 3129 3143
f 3128 3143 3142
f 3129 3130 3144
f 3129 3144 3143
f 3130 3131 3145
f 3130 3145 3144
f 3131 3132 3146
f 3131 3146 3145
f 3132 3133 3147
f 3132 3147 3146
f 3133 3134 3148
f 3133 3148 3147
f 3134 3135 3149
f 3134 3149 3148
f 3135 3136 3150
f 3135 3150 3149
f 3136 3123 3137
f 3136 3137 3150
f 3137 3138 3152
f 3137 3152 3151
f 3138 3139 3153
f 3138 3153 3152
f 3139 3140 3154
f 3139 3154 3153
f 3140 3141 3155
f 3140 3155 3154
f 3141 3142 3156
f 3141 3156 3155
f 3142 3143 3157
f 3142 3157 3156
f 3143 3144 3158
f 3143 3158 3157
f 3144 3145 3159
f 3144 3159 3158
f 3145 3146 3160
f 3145 3160 3159
f 3146 3147 3161
f 3146 3161 3160
f 3147 3148 3162
f 3147 3162 3161
f 3148 3149 3163
f 3148 3163 3162
f 3149 3150 3164
f 3149 3164 3163
f 3150 3137 3151
f 3150 3151 3164
f 3165 3166 3180
f 3165 3180 3179
f 3166 3167 3181
f 3166 3181 3180
f 3167 3168 3182
f 3167 3182 3181
f 3168 3169 3183
f 3168 3183 3182
f 3169 3170 3184
f 3169 3184 3183
f 3170 3171 3185
f 3170 3185 3184
f 3171 3172 3186
f 3171 3186 3185
f 3172 3173 3187
f 3172 3187 3186
f 3173 3174 3188
f 3173 3188 3187
f 3174 3175 3189
f 3174 3189 3188
f 3175 3176 3190
f 3175 3190 3189
f 3176 3177 3191
f 3176 3191 3190
f 3177 3178 3192
f 3177 3192 3191
f 3178 3165 3179
f 3178 3179 3192
f 3179 3180 3194
f 3179 3194 3193
f 3180 3181 3195
f 3180 3195 3194
f 3181 3182 3196
f 3181 3196 3195
f 3182 3183 3197
f 3182 3197 3196
f 3183 3184 3198
f 3183 3198 3197
f 3184 3185 3199
f 3184 3199 3198
f 3185 3186 3200
f 3185 3200 3199
f 3186 3187 3201
f 3186 3201 3200
f 3187 3188 3202
f 3187 3202 3201
f 3188 3189 3203
f 3188 3203 3202
f 3189 3190 3204
f 3189 3204 3203
f 3190 3191 3205
f 3190 3205 3204
f 3191 3192 3206
f 3191 3206 3205
f 3192 3179 3193
f 3192 3193 3206
f 3193 3194 3208
f 3193 3208 3207
f 3194 3195 3209
f 3194 3209 3208
f 3195 3196 3210
f 3195 3210 3209
f 3196 3197 3211
f 3196 3211 3210
f 3197 3198 3212
f 3197 3212 3211
f 3198 3199 3213
f 3198 3213 3212
f 3199 3200 3214
f 3199 3214 3213
f 3200 3201 3215
f 3200 3215 3214
f 3201 3202 3216
f 3201 3216 3215
f 3202 3203 3217
f 3202 3217 3216
f 3203 3204 3218
f 3203 3218 3217
f 3204 3205 3219
f 3204 3219 3218
f 3205 3206 3220
f 3205 3220 3219
f 3206 3193 3207
f 3206 3207 3220
f 3207 3208 3222
f 3207 3222 3221
f 3208 3209 3223
f 3208 3223 3222
f 3209 3210 3224
f 3209 3224 3223
f 3210 3211 3225
f 3210 3225 3224
f 3211 3212 3226
f 3211 3226 3225
f 3212 3213 3227
f 3212 3227 3226
f 3213 3214 3228
f 3213 3228 3227
f 3214 3215 3229
f 3214 3229 3228
f 3215 3216 3230
f 3215 3230 3229
f 3216 3217 3231
f 3216 3231 3230
f 3217 3218 3232
f 3217 3232 3231
f 3218 3219 3233
f 3218 3233 3232
f 3219 3220 3234
f 3219 3234 3233
f 3220 3207 3221
f 3220 3221 3234
f 3221 3222 3236
f 3221 3236 3235
f 3222 3223 3237
f 3222 3237 3236
f 3223 3224 3238
f 3223 3238 3237
f 3224 3225 3239
f 3224 3239 3238
f 3225 3226 3240
f 3225 3240 3239
f 3226 3227 3241
f 3226 3241 3240
f 3227 3228 3242
f 3227 3242 3241
f 3228 3229 3243
f 3228 3243 3242
f 3229 3230 3244
f 3229 3244 3243
f 3230 3231 3245
f 3230 3245 3244
f 3231 3232 3246
f 3231 3246 3245
f 3232 3233 3247
f 3232 3247 3246
f 3233 3234 3248
f 3233 3248 3247
f 3234 3221 3235
f 3234 3235 3248
f 3235 3236 3250
f 3235 3250 3249
f 3236 3237 3251
f 3236 3251 3250
f 3237 3238 3252
f 3237 3252 3251
f 3238 3239 3253
f 3238 3253 3252
f 3239 3240 3254
f 3239 3254 3253
f 3240 3241 3255
f 3240 3255 3254
f 3241 3242 3256
f 3241 3256 3255
f 3242 3243 3257
f 3242 3257 3256
f 3243 3244 3258
f 3243 3258 3257
f 3244 3245 3259
f 3244 3259 3258
f 3245 3246 3260
f 3245 3260 3259
f 3246 3247 3261
f 3246 3261 3260
f 3247 3248 3262
f 3247 3262 3261
f 3248 3235 3249
f 3248 3249 3262
f 3249 3250 3264
f 3249 3264 3263
f 3250 3251 3265
f 3250 3265 3264
f 3251 3252 3266
f 3251 3266 3265
f 3252 3253 3267
f 3252 3267 3266
f 3253 3254 3268
f 3253 3268 3267
f 3254 3255 3269
f 3254 3269 3268
f 3255 3256 3270
f 3255 3270 3269
f 3256 3257 3271
f 3256 3271 3270
f 3257 3258 3272
f 3257 3272 3271
f 3258 3259 3273
f 3258 3273 3272
f 3259 3260 3274
f 3259 3274 3273
f 3260 3261 3275
f 3260 3275 3274
f 3261 3262 3276
f 3261 3276 3275
f 3262 3249 3263
f 3262 3263 3276
f 3263 3264 3278
f 3263 3278 3277
f 3264 3265 3279
f 3264 3279 3278
f 3265 3266 3280
f 3265 3280 3279
f 3266 3267 3281
f 3266 3281 3280
f 3267 3268 3282
f 3267 3282 3281
f 3268 3269 3283
f 3268 3283 3282
f 3269 3270 3284
f 3269 3284 3283
f 3270 3271 3285
f 3270 3285 3284
f 3271 3272 3286
f 3271 3286 3285
f 3272 3273 3287
f 3272 3287 3286
f 3273 3274 3288
f 3273 3288 3287
f 3274 3275 3289
f 3274 3289 3288
f 3275 3276 3290
f 3275 3290 3289
f 3276 3263 3277
f 3276 3277 3290
f 3277 3278 3292
f 3277 3292 3291
f 3278 3279 3293
f 3278 3293 3292
f 3279 3280 3294
f 3279 3294 3293
f 3280 3281 3295
f 3280 3295 3294
f 3281 3282 3296
f 3281 3296 3295
f 3282 3283 3297
f 3282 3297 3296
f 3283 3284 3298
f 3283 3298 3297
f 3284 3285 3299
f 3284 3299 3298
f 3285 3286 3300
f 3285 3300 3299
f 3286 3287 3301
f 3286 3301 3300
f 3287 3288 3302
f 3287 3302 3301
f 3288 3289 3303
f 3288 3303 3302
f 3289 3290 3304
f 3289 3304 3303
f 3290 3277 3291
f 3290 3291 3304
f 3291 3292 3306
f 3291 3306 3305
f 3292 3293 3307
f 3292 3307 3306
f 3293 3294 3308
f 3293 3308 3307
f 3294 3295 3309
f 3294 3309 3308
f 3295 3296 3310
f 3295 3310 3309
f 3296 3297 3311
f 3296 3311 3310
f 3297 3298 3312
f 3297 3312 3311
f 3298 3299 3313
f 3298 3313 3312
f 3299 3300 3314
f 3299 3314 3313
f 3300 3301 3315
f 3300 3315 3314
f 3301 3302 3316
f 3301 3316 3315
f 3302 3303 3317
f 3302 3317 3316
f 3303 3304 3318
f 3303 3318 3317
f 3304 3291 3305
f 3304 3305 3318
f 3319 3320 3334
f 3319 3334 3333
f 3320 3321 3335
f 3320 3335 3334
f 3321 3322 3336
f 3321 3336 3335
f 3322 3323 3337
f 3322 3337 3336
f 3323 3324 3338
f 3323 3338 3337
f 3324 3325 3339
f 3324 3339 3338
f 3325 3326 3340
f 3325 3340 3339
f 3326 3327 3341
f 3326 3341 3340
f 3327 3328 3342
f 3327 3342 3341
f 3328 3329 3343
f 3328 3343 3342
f 3329 3330 3344
f 3329 3344 3343
f 3330 3331 3345
f 3330 3345 3344
f 3331 3332 3346
f 3331 3346 3345
f 3332 3319 3333
f 3332 3333 3346
f 3333 3334 3348
f 3333 3348 3347
f 3334 3335 3349
f 3334 3349 3348
f 3335 3336 3350
f 3335 3350 3349
f 3336 3337 3351
f 3336 3351 3350
f 3337 3338 3352
f 3337 3352 3351
f 3338 3339 3353
f 3338 3353 3352
f 3339 3340 3354
f 3339 3354 3353
f 3340 3341 3355
f 3340 3355 3354
f 3341 3342 3356
f 3341 3356 3355
f 3342 3343 3357
f 3342 3357 3356
f 3343 3344 3358
f 3343 3358 3357
f 3344 3345 3359
f 3344 3359 3358
f 3345 3346 3360
f 3345 3360 3359
f 3346 3333 3347
f 3346 3347 3360
f 3347 3348 3362
f 3347 3362 3361
f 3348 3349 3363
f 3348 3363 3362
f 3349 3350 3364
f 3349 3364 3363
f 3350 3351 3365
f 3350 3365 3364
f 3351 3352 3366
f 3351 3366 3365
f 3352 3353 3367
f 3352 3367 3366
f 3353 3354 3368
f 3353 3368 3367
f 3354 3355 3369
f 3354 3369 3368
f 3355 3356 3370
f 3355 3370 3369
f 3356 3357 3371
f 3356 3371 3370
f 3357 3358 3372
f 3357 3372 3371
f 3358 3359 3373
f 3358 3373 3372
f 3359 3360 3374
f 3359 3374 3373
f 3360 3347 3361
f 3360 3361 3374
f 3361 3362 3376
f 3361 3376 3375
f 3362 3363 3377
f 3362 3377 3376
f 3363 3364 3378
f 3363 3378 3377
f 3364 3365 3379
f 3364 3379 3378
f 3365 3366 3380
f 3365 3380 3379
f 3366 3367 3381
f 3366 3381 3380
f 3367 3368 3382
f 3367 3382 3381
f 3368 3369 3383
f 3368 3383 3382
f 3369 3370 3384
f 3369 3384 3383
f 3370 3371 3385
f 3370 3385 3384
f 3371 3372 3386
f 3371 3386 3385
f 3372 3373 3387
f 3372 3387 3386
f 3373 3374 3388
f 3373 3388 3387
f 3374 3361 3375
f 3374 3375 3388
f 3375 3376 3390
f 3375 3390 3389
f 3376 3377 3391
f 3376 3391 3390
f 3377 3378 3392
f 3377 3392 3391
f 3378 3379 3393
f 3378 3393 3392
f 3379 3380 3394
f 3379 3394 3393
f 3380 3381 3395
f 3380 3395 3394
f 3381 3382 3396
f 3381 3396 3395
f 3382 3383 3397
f 3382 3397 3396
f 3383 3384 3398
f 3383 3398 3397
f 3384 3385 3399
f 3384 3399 3398
f 3385 3386 3400
f 3385 3400 3399
f 3386 3387 3401
f 3386 3401 3400
f 3387 3388 3402
f 3387 3402 3401
f 3388 3375 3389
f 3388 3389 3402
f 3389 3390 3404
f 3389 3404 3403
f 3390 3391 3405
f 3390 3405 3404
f 3391 3392 3406
f 3391 3406 3405
f 3392 3393 3407
f 3392 3407 3406
f 3393 3394 3408
f 3393 3408 3407
f 3394 3395 3409
f 3394 3409 3408
f 3395 3396 3410
f 3395 3410 3409
f 3396 3397 3411
f 3396 3411 3410
f 3397 3398 3412
f 3397 3412 3411
f 3398 3399 3413
f 3398 3413 3412
f 3399 3400 3414
f 3399 3414 3413
f 3400 3401 3415
f 3400 3415 3414
f 3401 3402 3416
f 3401 3416 3415
f 3402 3389 3403
f 3402 3403 3416
f 3403 3404 3418
f 3403 3418 3417
f 3404 3405 3419
f 3404 3419 3418
f 3405 3406 3420
f 3405 3420 3419
f 3406 3407 3421
f 3406 3421 3420
f 3407 3408 3422
f 3407 3422 3421
f 3408 3409 3423
f 3408 3423 3422
f 3409 3410 3424
f 3409 3424 3423
f 3410 3411 3425
f 3410 3425 3424
f 3411 3412 3426
f 3411 3426 3425
f 3412 3413 3427
f 3412 3427 3426
f 3413 3414 3428
f 3413 3428 3427
f 3414 3415 3429
f 3414 3429 3428
f 3415 3416 3430
f 3415 3430 3429
f 3416 3403 3417
f 3416 3417 3430
f 3417 3418 3432
f 3417 3432 3431
f 3418 3419 3433
f 3418 3433 3432
f 3419 3420 3434
f 3419 3434 3433
f 3420 3421 3435
f 3420 3435 3434
f 3421 3422 3436
f 3421 3436 3435
f 3422 3423 3437
f 3422 3437 3436
f 3423 3424 3438
f 3423 3438 3437
f 3424 3425 3439
f 3424 3439 3438
f 3425 3426 3440
f 3425 3440 3439
f 3426 3427 3441
f 3426 3441 3440
f 3427 3428 3442
f 3427 3442 3441
f 3428 3429 3443
f 3428 3443 3442
f 3429 3430 3444
f 3429 3444 3443
f 3430 3417 3431
f 3430 3431 3444
f 3431 3432 3446
f 3431 3446 3445
f 3432 3433 3447
f 3432 3447 3446
f 3433 3434 3448
f 3433 3448 3447
f 3434 3435 3449
f 3434 3449 3448
f 3435 3436 3450
f 3435 3450 3449
f 3436 3437 3451
f 3436 3451 3450
f 3437 3438 3452
f 3437 3452 3451
f 3438 3439 3453
f 3438 3453 3452
f 3439 3440 3454
f 3439 3454 3453
f 3440 3441 3455
f 3440 3455 3454
f 3441 3442 3456
f 3441 3456 3455
f 3442 3443 3457
f 3442 3457 3456
f 3443 3444 3458
f 3443 3458 3457
f 3444 3431 3445
f 3444 3445 3458
f 3445 3446 3460
f 3445 3460 3459
f 3446 3447 3461
f 3446 3461 3460
f 3447 3448 3462
f 3447 3462 3461
f 3448 3449 3463
f 3448 3463 3462
f 3449 3450 3464
f 3449 3464 3463
f 3450 3451 3465
f 3450 3465 3464
f 3451 3452 3466
f 3451 3466 3465
f 3452 3453 3467
f 3452 3467 3466
f 3453 3454 3468
f 3453 3468 3467
f 3454 3455 3469
f 3454 3469 3468
f 3455 3456 3470
f 3455 3470 3469
f 3456 3457 3471
f 3456 3471 3470
f 3457 3458 3472
f 3457 3472 3471
f 3458 3445 3459
f 3458 3459 3472
f 3473 3474 3484
f 3473 3484 3483
f 3474 3475 3485
f 3474 3485 3484
f 3475 3476 3486
f 3475 3486 3485
f 3476 3477 3487
f 3476 3487 3486
f 3477 3478 3488
f 3477 3488 3487
f 3478 3479 3489
f 3478 3489 3488
f 3479 3480 3490
f 3479 3490 3489
f 3480 3481 3491
f 3480 3491 3490
f 3481 3482 3492
f 3481 3492 3491
f 3482 3473 3483
f 3482 3483 3492
f 3483 3484 3494
f 3483 3494 3493
f 3484 3485 3495
f 3484 3495 3494
f 3485 3486 3496
f 3485 3496 3495
f 3486 3487 3497
f 3486 3497 3496
f 3487 3488 3498
f 3487 3498 3497
f 3488 3489 3499
f 3488 3499 3498
f 3489 3490 3500
f 3489 3500 3499
f 3490 3491 3501
f 3490 3501 3500
f 3491 3492 3502
f 3491 3502 3501
f 3492 3483 3493
f 3492 3493 3502
f 3493 3494 3504
f 3493 3504 3503
f 3494 3495 3505
f 3494 3505 3504
f 3495 3496 3506
f 3495 3506 3505
f 3496 3497 3507
f 3496 3507 3506
f 3497 3498 3508
f 3497 3508 3507
f 3498 3499 3509
f 3498 3509 3508
f 3499 3500 3510
f 3499 3510 3509
f 3500 3501 3511
f 3500 3511 3510
f 3501 3502 3512
f 3501 3512 3511
f 3502 3493 3503
f 3502 3503 3512
f 3503 3504 3514
f 3503 3514 3513
f 3504 3505 3515
f 3504 3515 3514
f 3505 3506 3516
f 3505 3516 3515
f 3506 3507 3517
f 3506 3517 3516
f 3507 3508 3518
f 3507 3518 3517
f 3508 3509 3519
f 3508 3519 3518
f 3509 3510 3520
f 3509 3520 3519
f 3510 3511 3521
f 3510 3521 3520
f 3511 3512 3522
f 3511 3522 3521
f 3512 3503 3513
f 3512 3513 3522
f 3513 3514 3524
f 3513 3524 3523
f 3514 3515 3525
f 3514 3525 3524
f 3515 3516 3526
f 3515 3526 3525
f 3516 3517 3527
f 3516 3527 3526
f 3517 3518 3528
f 3517 3528 3527
f 3518 3519 3529
f 3518 3529 3528
f 3519 3520 3530
f 3519 3530 3529
f 3520 3521 3531
f 3520 3531 3530
f 3521 3522 3532
f 3521 3532 3531
f 3522 3513 3523
f 3522 3523 3532
f 3523 3524 3534
f 3523 3534 3533
f 3524 3525 3535
f 3524 3535 3534
f 3525 3526 3536
f 3525 3536 3535
f 3526 3527 3537
f 3526 3537 3536
f 3527 3528 3538
f 3527 3538 3537
f 3528 3529 3539
f 3528 3539 3538
f 3529 3530 3540
f 3529 3540 3539
f 3530 3531 3541
f 3530 3541 3540
f 3531 3532 3542
f 3531 3542 3541
f 3532 3523 3533
f 3532 3533 3542
f 3533 3534 3544
f 3533 3544 3543
f 3534 3535 3545
f 3534 3545 3544
f 3535 3536 3546
f 3535 3546 3545
f 3536 3537 3547
f 3536 3547 3546
f 3537 3538 3548
f 3537 3548 3547
f 3538 3539 3549
f 3538 3549 3548
f 3539 3540 3550
f 3539 3550 3549
f 3540 3541 3551
f 3540 3551 3550
f 3541 3542 3552
f 3541 3552 3551
f 3542 3533 3543
f 3542 3543 3552
f 3543 3544 3554
f 3543 3554 3553
f 3544 3545 3555
f 3544 3555 3554
f 3545 3546 3556
f 3545 3556 3555
f 3546 3547 3557
f 3546 3557 3556
f 3547 3548 3558
f 3547 3558 3557
f 3548 3549 3559
f 3548 3559 3558
f 3549 3550 3560
f 3549 3560 3559
f 3550 3551 3561
f 3550 3561 3560
f 3551 3552 3562
f 3551 3562 3561
f 3552 3543 3553
f 3552 3553 3562
f 3553 3554 3564
f 3553 3564 3563
f 3554 3555 3565
f 3554 3565 3564
f 3555 3556 3566
f 3555 3566 3565
f 3556 3557 3567
f 3556 3567 3566
f 3557 3558 3568
f 3557 3568 3567
f 3558 3559 3569
f 3558 3569 3568
f 3559 3560 3570
f 3559 3570 3569
f 3560 3561 3571
f 3560 3571 3570
f 3561 3562 3572
f 3561 3572 3571
f 3562 3553 3563
f 3562 3563 3572
f 3563 3564 3574
f 3563 3574 3573
f 3564 3565 3575
f 3564 3575 3574
f 3565 3566 3576
f 3565 3576 3575
f 3566 3567 3577
f 3566 3577 3576
f 3567 3568 3578
f 3567 3578 3577
f 3568 3569 3579
f 3568 3579 3578
f 3569 3570 3580
f 3569 3580 3579
f 3570 3571 3581
f 3570 3581 3580
f 3571 3572 3582
f 3571 3582 3581
f 3572 3563 3573
f 3572 3573 3582
f 3573 3574 3584
f 3573 3584 3583
f 3574 3575 3585
f 3574 3585 3584
f 3575 3576 3586
f 3575 3586 3585
f 3576 3577 3587
f 3576 3587 3586
f 3577 3578 3588
f 3577 3588 3587
f 3578 3579 3589
f 3578 3589 3588
f 3579 3580 3590
f 3579 3590 3589
f 3580 3581 3591
f 3580 3591 3590
f 3581 3582 3592
f 3581 3592 3591
f 3582 3573 3583
f 3582 3583 3592
f 3583 3584 3594
f 3583 3594 3593
f 3584 3585 3595
f 3584 3595 3594
f 3585 3586 3596
f 3585 3596 3595
f 3586 3587 3597
f 3586 3597 3596
f 3587 3588 3598
f 3587 3598 3597
f 3588 3589 3599
f 3588 3599 3598
f 3589 3590 3600
f 3589 3600 3599
f 3590 3591 3601
f 3590 3601 3600
f 3591 3592 3602
f 3591 3602 3601
f 3592 3583 3593
f 3592 3593 3602
f 3593 3594 3604
f 3593 3604 3603
f 3594 3595 3605
f 3594 3605 3604
f 3595 3596 3606
f 3595 3606 3605
f 3596 3597 3607
f 3596 3607 3606
f 3597 3598 3608
f 3597 3608 3607
f 3598 3599 3609
f 3598 3609 3608
f 3599 3600 3610
f 3599 3610 3609
f 3600 3601 3611
f 3600 3611 3610
f 3601 3602 3612
f 3601 3612 3611
f 3602 3593 3603
f 3602 3603 3612
f 3603 3604 3614
f 3603 3614 3613
f 3604 3605 3615
f 3604 3615 3614
f 3605 3606 3616
f 3605 3616 3615
f 3606 3607 3617
f 3606 3617 3616
f 3607 3608 3618
f 3607 3618 3617
f 3608 3609 3619
f 3608 3619 3618
f 3609 3610 3620
f 3609 3620 3619
f 3610 3611 3621
f 3610 3621 3620
f 3611 3612 3622
f 3611 3622 3621
f 3612 3603 3613
f 3612 3613 3622
f 3613 3614 3624
f 3613 3624 3623
f 3614 3615 3625
f 3614 3625 3624
f 3615 3616 3626
f 3615 3626 3625
f 3616 3617 3627
f 3616 3627 3626
f 3617 3618 3628
f 3617 3628 3627
f 3618 3619 3629
f 3618 3629 3628
f 3619 3620 3630
f 3619 3630 3629
f 3620 3621 3631
f 3620 3631 3630
f 3621 3622 3632
f 3621 3632 3631
f 3622 3613 3623
f 3622 3623 3632
f 3623 3624 3634
f 3623 3634 3633
f 3624 3625 3635
f 3624 3635 3634
f 3625 3626 3636
f 3625 3636 3635
f 3626 3627 3637
f 3626 3637 3636
f 3627 3628 3638
f 3627 3638 3637
f 3628 3629 3639
f 3628 3639 3638
f 3629 3630 3640
f 3629 3640 3639
f 3630 3631 3641
f 3630 3641 3640
f 3631 3632 3642
f 3631 3642 3641
f 3632 3623 3633
f 3632 3633 3642
f 3633 3634 3644
f 3633 3644 3643
f 3634 3635 3645
f 3634 3645 3644
f 3635 3636 3646
f 3635 3646 3645
f 3636 3637 3647
f 3636 3647 3646
f 3637 3638 3648
f 3637 3648 3647
f 3638 3639 3649
f 3638 3649 3648
f 3639 3640 3650
f 3639 3650 3649
f 3640 3641 3651
f 3640 3651 3650
f 3641 3642 3652
f 3641 3652 3651
f 3642 3633 3643
f 3642 3643 3652
f 3643 3644 3654
f 3643 3654 3653
f 3644 3645 3655
f 3644 3655 3654
f 3645 3646 3656
f 3645 3656 3655
f 3646 3647 3657
f 3646 3657 3656
f 3647 3648 3658
f 3647 3658 3657
f 3648 3649 3659
f 3648 3659 3658
f 3649 3650 3660
f 3649 3660 3659
f 3650 3651 3661
f 3650 3661 3660
f 3651 3652 3662
f 3651 3662 3661
f 3652 3643 3653
f 3652 3653 3662
f 3653 3654 3664
f 3653 3664 3663
f 3654 3655 3665
f 3654 3665 3664
f 3655 3656 3666
f 3655 3666 3665
f 3656 3657 3667
f 3656 3667 3666
f 3657 3658 3668
f 3657 3668 3667
f 3658 3659 3669
f 3658 3669 3668
f 3659 3660 3670
f 3659 3670 3669
f 3660 3661 3671
f 3660 3671 3670
f 3661 3662 3672
f 3661 3672 3671
f 3662 3653 3663
f 3662 3663 3672
f 3663 3664 3674
f 3663 3674 3673
f 3664 3665 3675
f 3664 3675 3674
f 3665 3666 3676
f 3665 3676 3675
f 3666 3667 3677
f 3666 3677 3676
f 3667 3668 3678
f 3667 3678 3677
f 3668 3669 3679
f 3668 3679 3678
f 3669 3670 3680
f 3669 3680 3679
f 3670 3671 3681
f 3670 3681 3680
f 3671 3672 3682
f 3671 3682 3681
f 3672 3663 3673
f 3672 3673 3682
f 3673 3674 3684
f 3673 3684 3683
f 3674 3675 3685
f 3674 3685 3684
f 3675 3676 3686
f 3675 3686 3685
f 3676 3677 3687
f 3676 3687 3686
f 3677 3678 3688
f 3677 3688 3687
f 3678 3679 3689
f 3678 3689 3688
f 3679 3680 3690
f 3679 3690 3689
f 3680 3681 3691
f 3680 3691 3690
f 3681 3682 3692
f 3681 3692 3691
f 3682 3673 3683
f 3682 3683 3692
f 3683 3684 3694
f 3683 3694 3693
f 3684 3685 3695
f 3684 3695 3694
f 3685 3686 3696
f 3685 3696 3695
f 3686 3687 3697
f 3686 3697 3696
f 3687 3688 3698
f 3687 3698 3697
f 3688 3689 3699
f 3688 3699 3698
f 3689 3690 3700
f 3689 3700 3699
f 3690 3691 3701
f 3690 3701 3700
f 3691 3692 3702
f 3691 3702 3701
f 3692 3683 3693
f 3692 3693 3702
f 3693 3694 3704
f 3693 3704 3703
f 3694 3695 3705
f 3694 3705 3704
f 3695 3696 3706
f 3695 3706 3705
f 3696 3697 3707
f 3696 3707 3706
f 3697 3698 3708
f 3697 3708 3707
f 3698 3699 3709
f 3698 3709 3708
f 3699 3700 3710
f 3699 3710 3709
f 3700 3701 3711
f 3700 3711 3710
f 3701 3702 3712
f 3701 3712 3711
f 3702 3693 3703
f 3702 3703 3712
f 3703 3704 3714
f 3703 3714 3713
f 3704 3705 3715
f 3704 3715 3714
f 3705 3706 3716
f 3705 3716 3715
f 3706 3707 3717
f 3706 3717 3716
f 3707 3708 3718
f 3707 3718 3717
f 3708 3709 3719
f 3708 3719 3718
f 3709 3710 3720
f 3709 3720 3719
f 3710 3711 3721
f 3710 3721 3720
f 3711 3712 3722
f 3711 3722 3721
f 3712 3703 3713
f 3712 3713 3722
f 3713 3714 3724
f 3713 3724 3723
f 3714 3715 3725
f 3714 3725 3724
f 3715 3716 3726
f 3715 3726 3725
f 3716 3717 3727
f 3716 3727 3726
f 3717 3718 3728
f 3717 3728 3727
f 3718 3719 3729
f 3718 3729 3728
f 3719 3720 3730
f 3719 3730 3729
f 3720 3721 3731
f 3720 3731 3730
f 3721 3722 3732
f 3721 3732 3731
f 3722 3713 3723
f 3722 3723 3732
f 3723 3724 3734
f 3723 3734 3733
f 3724 3725 3735
f 3724 3735 3734
f 3725 3726 3736
f 3725 3736 3735
f 3726 3727 3737
f 3726 3737 3736
f 3727 3728 3738
f 3727 3738 3737
f 3728 3729 3739
f 3728 3739 3738
f 3729 3730 3740
f 3729 3740 3739
f 3730 3731 3741
f 3730 3741 3740
f 3731 3732 3742
f 3731 3742 3741
f 3732 3723 3733
f 3732 3733 3742
f 3733 3734 3744
f 3733 3744 3743
f 3734 3735 3745
f 3734 3745 3744
f 3735 3736 3746
f 3735 3746 3745
f 3736 3737 3747
f 3736 3747 3746
f 3737 3738 3748
f 3737 3748 3747
f 3738 3739 3749
f 3738 3749 3748
f 3739 3740 3750
f 3739 3750 3749
f 3740 3741 3751
f 3740 3751 3750
f 3741 3742 3752
f 3741 3752 3751
f 3742 3733 3743
f 3742 3743 3752
f 3743 3744 3754
f 3743 3754 3753
f 3744 3745 3755
f 3744 3755 3754
f 3745 3746 3756
f 3745 3756 3755
f 3746 3747 3757
f 3746 3757 3756
f 3747 3748 3758
f 3747 3758 3757
f 3748 3749 3759
f 3748 3759 3758
f 3749 3750 3760
f 3749 3760 3759
f 3750 3751 3761
f 3750 3761 3760
f 3751 3752 3762
f 3751 3762 3761
f 3752 3743 3753
f 3752 3753 3762
f 3753 3754 3764
f 3753 3764 3763
f 3754 3755 3765
f 3754 3765 3764
f 3755 3756 3766
f 3755 3766 3765
f 3756 3757 3767
f 3756 3767 3766
f 3757 3758 3768
f 3757 3768 3767
f 3758 3759 3769
f 3758 3769 3768
f 3759 3760 3770
f 3759 3770 3769
f 3760 3761 3771
f 3760 3771 3770
f 3761 3762 3772
f 3761 3772 3771
f 3762 3753 3763
f 3762 3763 3772
f 3763 3764 3774
f 3763 3774 3773
f 3764 3765 3775
f 3764 3775 3774
f 3765 3766 3776
f 3765 3776 3775
f 3766 3767 3777
f 3766 3777 3776
f 3767 3768 3778
f 3767 3778 3777
f 3768 3769 3779
f 3768 3779 3778
f 3769 3770 3780
f 3769 3780 3779
f 3770 3771 3781
f 3770 3781 3780
f 3771 3772 3782
f 3771 3782 3781
f 3772 3763 3773
f 3772 3773 3782
f 3773 3774 3784
f 3773 3784 3783
f 3774 3775 3785
f 3774 3785 3784
f 3775 3776 3786
f 3775 3786 3785
f 3776 3777 3787
f 3776 3787 3786
f 3777 3778 3788
f 3777 3788 3787
f 3778 3779 3789
f 3778 3789 3788
f 3779 3780 3790
f 3779 3790 3789
f 3780 3781 3791
f 3780 3791 3790
f 3781 3782 3792
f 3781 3792 3791
f 3782 3773 3783
f 3782 3783 3792
f 3783 3784 3794
f 3783 3794 3793
f 3784 3785 3795
f 3784 3795 3794
f 3785 3786 3796
f 3785 3796 3795
f 3786 3787 3797
f 3786 3797 3796
f 3787 3788 3798
f 3787 3798 3797
f 3788 3789 3799
f 3788 3799 3798
f 3789 3790 3800
f 3789 3800 3799
f 3790 3791 3801
f 3790 3801 3800
f 3791 3792 3802
f 3791 3802 3801
f 3792 3783 3793
f 3792 3793 3802
f 3793 3794 3804
f 3793 3804 3803
f 3794 3795 3805
f 3794 3805 3804
f 3795 3796 3806
f 3795 3806 3805
f 3796 3797 3807
f 3796 3807 3806
f 3797 3798 3808
f 3797 3808 3807
f 3798 3799 3809
f 3798 3809 3808
f 3799 3800 3810
f 3799 3810 3809
f 3800 3801 3811
f 3800 3811 3810
f 3801 3802 3812
f 3801 3812 3811
f 3802 3793 3803
f 3802 3803 3812
f 3803 3804 3814
f 3803 3814 3813
f 3804 3805 3815
f 3804 3815 3814
f 3805 3806 3816
f 3805 3816 3815
f 3806 3807 3817
f 3806 3817 3816
f 3807 3808 3818
f 3807 3818 3817
f 3808 3809 3819
f 3808 3819 3818
f 3809 3810 3820
f 3809 3820 3819
f 3810 3811 3821
f 3810 3821 3820
f 3811 3812 3822
f 3811 3822 3821
f 3812 3803 3813
f 3812 3813 3822
f 3813 3814 3824
f 3813 3824 3823
f 3814 3815 3825
f 3814 3825 3824
f 3815 3816 3826
f 3815 3826 3825
f 3816 3817 3827
f 3816 3827 3826
f 3817 3818 3828
f 3817 3828 3827
f 3818 3819 3829
f 3818 3829 3828
f 3819 3820 3830
f 3819 3830 3829
f 3820 3821 3831
f 3820 3831 3830
f 3821 3822 3832
f 3821 3832 3831
f 3822 3813 3823
f 3822 3823 3832
f 3823 3824 3834
f 3823 3834 3833
f 3824 3825 3835
f 3824 3835 3834
f 3825 3826 3836
f 3825 3836 3835
f 3826 3827 3837
f 3826 3837 3836
f 3827 3828 3838
f 3827 3838 3837
f 3828 3829 3839
f 3828 3839 3838
f 3829 3830 3840
f 3829 3840 3839
f 3830 3831 3841
f 3830 3841 3840
f 3831 3832 3842
f 3831 3842 3841
f 3832 3823 3833
f 3832 3833 3842
f 3833 3834 3844
f 3833 3844 3843
f 3834 3835 3845
f 3834 3845 3844
f 3835 3836 3846
f 3835 3846 3845
f 3836 3837 3847
f 3836 3847 3846
f 3837 3838 3848
f 3837 3848 3847
f 3838 3839 3849
f 3838 3849 3848
f 3839 3840 3850
f 3839 3850 3849
f 3840 3841 3851
f 3840 3851 3850
f 3841 3842 3852
f 3841 3852 3851
f 3842 3833 3843
f 3842 3843 3852
f 3843 3844 3854
f 3843 3854 3853
f 3844 3845 3855
f 3844 3855 3854
f 3845 3846 3856
f 3845 3856 3855
f 3846 3847 3857
f 3846 3857 3856
f 3847 3848 3858
f 3847 3858 3857
f 3848 3849 3859
f 3848 3859 3858
f 3849 3850 3860
f 3849 3860 3859
f 3850 3851 3861
f 3850 3861 3860
f 3851 3852 3862
f 3851 3862 3861
f 3852 3843 3853
f 3852 3853 3862
f 3853 3854 3864
f 3853 3864 3863
f 3854 3855 3865
f 3854 3865 3864
f 3855 3856 3866
f 3855 3866 3865
f 3856 3857 3867
f 3856 3867 3866
f 3857 3858 3868
f 3857 3868 3867
f 3858 3859 3869
f 3858 3869 3868
f 3859 3860 3870
f 3859 3870 3869
f 3860 3861 3871
f 3860 3871 3870
f 3861 3862 3872
f 3861 3872 3871
f 3862 3853 3863
f 3862 3863 3872
f 3863 3864 3874
f 3863 3874 3873
f 3864 3865 3875
f 3864 3875 3874
f 3865 3866 3876
f 3865 3876 3875
f 3866 3867 3877
f 3866 3877 3876
f 3867 3868 3878
f 3867 3878 3877
f 3868 3869 3879
f 3868 3879 3878
f 3869 3870 3880
f 3869 3880 3879
f 3870 3871 3881
f 3870 3881 3880
f 3871 3872 3882
f 3871 3882 3881
f 3872 3863 3873
f 3872 3873 3882
f 3873 3874 3884
f 3873 3884 3883
f 3874 3875 3885
f 3874 3885 3884
f 3875 3876 3886
f 3875 3886 3885
f 3876 3877 3887
f 3876 3887 3886
f 3877 3878 3888
f 3877 3888 3887
f 3878 3879 3889
f 3878 3889 3888
f 3879 3880 3890
f 3879 3890 3889
f 3880 3881 3891
f 3880 3891 3890
f 3881 3882 3892
f 3881 3892 3891
f 3882 3873 3883
f 3882 3883 3892
f 3883 3884 3894
f 3883 3894 3893
f 3884 3885 3895
f 3884 3895 3894
f 3885 3886 3896
f 3885 3896 3895
f 3886 3887 3897
f 3886 3897 3896
f 3887 3888 3898
f 3887 3898 3897
f 3888 3889 3899
f 3888 3899 3898
f 3889 3890 3900
f 3889 3900 3899
f 3890 3891 3901
f 3890 3901 3900
f 3891 3892 3902
f 3891 3902 3901
f 3892 3883 3893
f 3892 3893 3902
f 3893 3894 3904
f 3893 3904 3903
f 3894 3895 3905
f 3894 3905 3904
f 3895 3896 3906
f 3895 3906 3905
f 3896 3897 3907
f 3896 3907 3906
f 3897 3898 3908
f 3897 3908 3907
f 3898 3899 3909
f 3898 3909 3908
f 3899 3900 3910
f 3899 3910 3909
f 3900 3901 3911
f 3900 3911 3910
f 3901 3902 3912
f 3901 3912 3911
f 3902 3893 3903
f 3902 3903 3912
f 3903 3904 3914
f 3903 3914 3913
f 3904 3905 3915
f 3904 3915 3914
f 3905 3906 3916
f 3905 3916 3915
f 3906 3907 3917
f 3906 3917 3916
f 3907 3908 3918
f 3907 3918 3917
f 3908 3909 3919
f 3908 3919 3918
f 3909 3910 3920
f 3909 3920 3919
f 3910 3911 3921
f 3910 3921 3920
f 3911 3912 3922
f 3911 3922 3921
f 3912 3903 3913
f 3912 3913 3922
f 3913 3914 3924
f 3913 3924 3923
f 3914 3915 3925
f 3914 3925 3924
f 3915 3916 3926
f 3915 3926 3925
f 3916 3917 3927
f 3916 3927 3926
f 3917 3918 3928
f 3917 3928 3927
f 3918 3919 3929
f 3918 3929 3928
f 3919 3920 3930
f 3919 3930 3929
f 3920 3921 3931
f 3920 3931 3930
f 3921 3922 3932
f 3921 3932 3931
f 3922 3913 3923
f 3922 3923 3932
f 3923 3924 3934
f 3923 3934 3933
f 3924 3925 3935
f 3924 3935 3934
f 3925 3926 3936
f 3925 3936 3935
f 3926 3927 3937
f 3926 3937 3936
f 3927 3928 3938
f 3927 3938 3937
f 3928 3929 3939
f 3928 3939 3938
f 3929 3930 3940
f 3929 3940 3939
f 3930 3931 3941
f 3930 3941 3940
f 3931 3932 3942
f 3931 3942 3941
f 3932 3923 3933
f 3932 3933 3942
f 3933 3934 3944
f 3933 3944 3943
f 3934 3935 3945
f 3934 3945 3944
f 3935 3936 3946
f 3935 3946 3945
f 3936 3937 3947
f 3936 3947 3946
f 3937 3938 3948
f 3937 3948 3947
f 3938 3939 3949
f 3938 3949 3948
f 3939 3940 3950
f 3939 3950 3949
f 3940 3941 3951
f 3940 3951 3950
f 3941 3942 3952
f 3941 3952 3951
f 3942 3933 3943
f 3942 3943 3952
f 3943 3944 3954
f 3943 3954 3953
f 3944 3945 3955
f 3944 3955 3954
f 3945 3946 3956
f 3945 3956 3955
f 3946 3947 3957
f 3946 3957 3956
f 3947 3948 3958
f 3947 3958 3957
f 3948 3949 3959
f 3948 3959 3958
f 3949 3950 3960
f 3949 3960 3959
f 3950 3951 3961
f 3950 3961 3960
f 3951 3952 3962
f 3951 3962 3961
f 3952 3943 3953
f 3952 3953 3962
f 3953 3954 3964
f 3953 3964 3963
f 3954 3955 3965
f 3954 3965 3964
f 3955 3956 3966
f 3955 3966 3965
f 3956 3957 3967
f 3956 3967 3966
f 3957 3958 3968
f 3957 3968 3967
f 3958 3959 3969
f 3958 3969 3968
f 3959 3960 3970
f 3959 3970 3969
f 3960 3961 3971
f 3960 3971 3970
f 3961 3962 3972
f 3961 3972 3971
f 3962 3953 3963
f 3962 3963 3972
f 3963 3964 3974
f 3963 3974 3973
f 3964 3965 3975
f 3964 3975 3974
f 3965 3966 3976
f 3965 3976 3975
f 3966 3967 3977
f 3966 3977 3976
f 3967 3968 3978
f 3967 3978 3977
f 3968 3969 3979
f 3968 3979 3978
f 3969 3970 3980
f 3969 3980 3979
f 3970 3971 3981
f 3970 3981 3980
f 3971 3972 3982
f 3971 3982 3981
f 3972 3963 3973
f 3972 3973 3982
f 3973 3974 3984
f 3973 3984 3983
f 3974 3975 3985
f 3974 3985 3984
f 3975 3976 3986
f 3975 3986 3985
f 3976 3977 3987
f 3976 3987 3986
f 3977 3978 3988
f 3977 3988 3987
f 3978 3979 3989
f 3978 3989 3988
f 3979 3980 3990
f 3979 3990 3989
f 3980 3981 3991
f 3980 3991 3990
f 3981 3982 3992
f 3981 3992 3991
f 3982 3973 3983
f 3982 3983 3992
f 3983 3984 3994
f 3983 3994 3993
f 3984 3985 3995
f 3984 3995 3994
f 3985 3986 3996
f 3985 3996 3995
f 3986 3987 3997
f 3986 3997 3996
f 3987 3988 3998
f 3987 3998 3997
f 3988 3989 3999
f 3988 3999 3998
f 3989 3990 4000
f 3989 4000 3999
f 3990 3991 4001
f 3990 4001 4000
f 3991 3992 4002
f 3991 4002 4001
f 3992 3983 3993
f 3992 3993 4002
f 3993 3994 4004
f 3993 4004 4003
f 3994 3995 4005
f 3994 4005 4004
f 3995 3996 4006
f 3995 4006 4005
f 3996 3997 4007
f 3996 4007 4006
f 3997 3998 4008
f 3997 4008 4007
f 3998 3999 4009
f 3998 4009 4008
f 3999 4000 4010
f 3999 4010 4009
f 4000 4001 4011
f 4000 4011 4010
f 4001 4002 4012
f 4001 4012 4011
f 4002 3993 4003
f 4002 4003 4012
f 4003 4004 4014
f 4003 4014 4013
f 4004 4005 4015
f 4004 4015 4014
f 4005 4006 4016
f 4005 4016 4015
f 4006 4007 4017
f 4006 4017 4016
f 4007 4008 4018
f 4007 4018 4017
f 4008 4009 4019
f 4008 4019 4018
f 4009 4010 4020
f 4009 4020 4019
f 4010 4011 4021
f 4010 4021 4020
f 4011 4012 4022
f 4011 4022 4021
f 4012 4003 4013
f 4012 4013 4022
f 4013 4014 4024
f 4013 4024 4023
f 4014 4015 4025
f 4014 4025 4024
f 4015 4016 4026
f 4015 4026 4025
f 4016 4017 4027
f 4016 4027 4026
f 4017 4018 4028
f 4017 4028 4027
f 4018 4019 4029
f 4018 4029 4028
f 4019 4020 4030
f 4019 4030 4029
f 4020 4021 4031
f 4020 4031 4030
f 4021 4022 4032
f 4021 4032 4031
f 4022 4013 4023
f 4022 4023 4032
f 4023 4024 4034
f 4023 4034 4033
f 4024 4025 4035
f 4024 4035 4034
f 4025 4026 4036
f 4025 4036 4035
f 4026 4027 4037
f 4026 4037 4036
f 4027 4028 4038
f 4027 4038 4037
f 4028 4029 4039
f 4028 4039 4038
f 4029 4030 4040
f 4029 4040 4039
f 4030 4031 4041
f 4030 4041 4040
f 4031 4032 4042
f 4031 4042 4041
f 4032 4023 4033
f 4032 4033 4042
f 4033 4034 4044
f 4033 4044 4043
f 4034 4035 4045
f 4034 4045 4044
f 4035 4036 4046
f 4035 4046 4045
f 4036 4037 4047
f 4036 4047 4046
f 4037 4038 4048
f 4037 4048 4047
f 4038 4039 4049
f 4038 4049 4048
f 4039 4040 4050
f 4039 4050 4049
f 4040 4041 4051
f 4040 4051 4050
f 4041 4042 4052
f 4041 4052 4051
f 4042 4033 4043
f 4042 4043 4052
f 4043 4044 4054
f 4043 4054 4053
f 4044 4045 4055
f 4044 4055 4054
f 4045 4046 4056
f 4045 4056 4055
f 4046 4047 4057
f 4046 4057 4056
f 4047 4048 4058
f 4047 4058 4057
f 4048 4049 4059
f 4048 4059 4058
f 4049 4050 4060
f 4049 4060 4059
f 4050 4051 4061
f 4050 4061 4060
f 4051 4052 4062
f 4051 4062 4061
f 4052 4043 4053
f 4052 4053 4062
f 4053 4054 4064
f 4053 4064 4063
f 4054 4055 4065
f 4054 4065 4064
f 4055 4056 4066
f 4055 4066 4065
f 4056 4057 4067
f 4056 4067 4066
f 4057 4058 4068
f 4057 4068 4067
f 4058 4059 4069
f 4058 4069 4068
f 4059 4060 4070
f 4059 4070 4069
f 4060 4061 4071
f 4060 4071 4070
f 4061 4062 4072
f 4061 4072 4071
f 4062 4053 4063
f 4062 4063 4072
f 4063 4064 4074
f 4063 4074 4073
f 4064 4065 4075
f 4064 4075 4074
f 4065 4066 4076
f 4065 4076 4075
f 4066 4067 4077
f 4066 4077 4076
f 4067 4068 4078
f 4067 4078 4077
f 4068 4069 4079
f 4068 4079 4078
f 4069 4070 4080
f 4069 4080 4079
f 4070 4071 4081
f 4070 4081 4080
f 4071 4072 4082
f 4071 4082 4081
f 4072 4063 4073
f 4072 4073 4082
f 4073 4074 4084
f 4073 4084 4083
f 4074 4075 4085
f 4074 4085 4084
f 4075 4076 4086
f 4075 4086 4085
f 4076 4077 4087
f 4076 4087 4086
f 4077 4078 4088
f 4077 4088 4087
f 4078 4079 4089
f 4078 4089 4088
f 4079 4080 4090
f 4079 4090 4089
f 4080 4081 4091
f 4080 4091 4090
f 4081 4082 4092
f 4081 4092 4091
f 4082 4073 4083
f 4082 4083 4092
f 4083 4084 4094
f 4083 4094 4093
f 4084 4085 4095
f 4084 4095 4094
f 4085 4086 4096
f 4085 4096 4095
f 4086 4087 4097
f 4086 4097 4096
f 4087 4088 4098
f 4087 4098 4097
f 4088 4089 4099
f 4088 4099 4098
f 4089 4090 4100
f 4089 4100 4099
f 4090 4091 4101
f 4090 4101 4100
f 4091 4092 4102
f 4091 4102 4101
f 4092 4083 4093
f 4092 4093 4102
f 4093 4094 4104
f 4093 4104 4103
f 4094 4095 4105
f 4094 4105 4104
f 4095 4096 4106
f 4095 4106 4105
f 4096 4097 4107
f 4096 4107 4106
f 4097 4098 4108
f 4097 4108 4107
f 4098 4099 4109
f 4098 4109 4108
f 4099 4100 4110
f 4099 4110 4109
f 4100 4101 4111
f 4100 4111 4110
f 4101 4102 4112
f 4101 4112 4111
f 4102 4093 4103
f 4102 4103 4112
f 4103 4104 3474
f 4103 3474 3473
f 4104 4105 3475
f 4104 3475 3474
f 4105 4106 3476
f 4105 3476 3475
f 4106 4107 3477
f 4106 3477 3476
f 4107 4108 3478
f 4107 3478 3477
f 4108 4109 3479
f 4108 3479 3478
f 4109 4110 3480
f 4109 3480 3479
f 4110 4111 3481
f 4110 3481 3480
f 4111 4112 3482
f 4111 3482 3481
f 4112 4103 3473
f 4112 3473 3482
